Date/Time (IST),DO (mg/L),pH,Temperature (°C),QC_Flag_DateTime,QC_Flag_DO,QC_Flag_pH
2025-11-28 22:00:01,7.35,6.77,29.6,,DO_jump_>2,pH_jump_>1
2025-11-28 22:15:01,12.08,8.46,28.4,,DO_jump_>2,pH_jump_>1
2025-11-28 22:30:01,11.06,8.42,28.3,,,
2025-11-28 22:45:01,10.52,8.38,28.3,,,
2025-11-28 23:00:01,10.2,8.36,28.2,,,
2025-11-28 23:15:01,9.91,8.34,28.2,,,
2025-11-28 23:30:01,10.46,8.38,28.2,,,
2025-11-28 23:45:01,10.5,8.36,28.1,,,
2025-11-29 00:00:01,10.37,8.36,28.1,,DO_>10_before_noon,
2025-11-29 00:15:01,10.13,8.34,28.1,,DO_>10_before_noon,
2025-11-29 00:30:01,9.91,8.32,28,,,
2025-11-29 00:45:01,9.72,8.32,28,,,
2025-11-29 01:00:01,9.51,8.3,28,,,
2025-11-29 01:15:01,9.16,8.27,27.9,,,
2025-11-29 01:30:01,8.45,8.21,27.9,,,
2025-11-29 01:45:01,8.46,8.22,27.9,,DO_jump_>2,
2025-11-29 02:00:01,6.25,8.19,27.8,,DO_jump_>2,
2025-11-29 02:15:01,6.21,8.17,27.8,,,
2025-11-29 02:30:01,6.13,8.14,27.8,,,
2025-11-29 02:45:01,5.88,8.14,27.8,,,
2025-11-29 03:00:01,6.13,8.13,27.8,,,
2025-11-29 03:15:01,5.47,8.11,27.7,,,
2025-11-29 03:30:01,5.27,8.09,27.7,,,
2025-11-29 03:45:01,5.37,8.08,27.7,,,
2025-11-29 04:00:01,5.1,8.06,27.7,,,
2025-11-29 04:15:01,5.19,8.06,27.7,,,
2025-11-29 04:30:01,5.08,8.04,27.7,,,
2025-11-29 04:45:01,4.78,8.02,27.7,,,
2025-11-29 05:00:01,4.74,8.02,27.7,,,
2025-11-29 05:15:01,4.67,8.02,27.7,,,
2025-11-29 05:30:01,4.56,8.02,27.6,,,
2025-11-29 05:45:01,4.43,8.01,27.6,,,
2025-11-29 06:00:01,4.46,8,27.6,,,
2025-11-29 06:15:01,4.33,7.98,27.5,,,
2025-11-29 06:30:01,4.13,7.98,27.6,,,
2025-11-29 06:45:01,3.98,7.97,27.5,,,
2025-11-29 07:00:01,4.01,7.97,27.5,,,
2025-11-29 07:15:01,3.84,7.96,27.5,,,
2025-11-29 07:30:01,3.72,7.95,27.5,,,
2025-11-29 07:45:01,3.59,7.95,27.5,,,
2025-11-29 08:00:01,3.49,7.93,27.5,,,
2025-11-29 08:15:01,3.3,7.93,27.4,,,
2025-11-29 08:30:01,3.04,7.91,27.5,,,
2025-11-29 08:45:01,3.03,7.91,27.4,,,
2025-11-29 09:00:01,2.87,7.9,27.4,,,
2025-11-29 09:15:01,2.85,7.9,27.4,,,
2025-11-29 09:30:01,2.77,7.9,27.3,,,
2025-11-29 09:45:01,2.6,7.9,27.3,,,
2025-11-29 10:00:01,2.49,7.88,27.3,,,
2025-11-29 10:15:01,2.4,7.88,27.2,,,
2025-11-29 10:30:01,2.41,7.88,27.2,flyover_window,,
2025-11-29 10:45:01,2.38,7.87,27.2,,,
2025-11-29 11:00:01,2.36,7.87,27.1,,,
2025-11-29 11:15:01,2.33,7.86,27.1,,,
2025-11-29 11:30:01,2.3,7.86,27.1,,,
2025-11-29 11:45:01,2.27,7.85,27.1,,,
2025-11-29 12:00:01,2.24,7.85,27,,,
2025-11-29 12:15:01,2.21,7.85,27,,,
2025-11-29 12:30:01,2.18,7.84,27,,,
2025-11-29 12:45:01,2.14,7.84,27,,,
2025-11-29 13:00:01,2.1,7.83,26.9,,,
2025-11-29 13:15:01,2.06,7.83,26.9,,,
2025-11-29 13:30:01,2.02,7.83,26.9,,,
2025-11-29 13:45:01,1.98,7.82,26.9,,,
2025-11-29 14:00:01,1.95,7.82,26.9,,,
2025-11-29 14:15:01,1.92,7.82,26.9,,,
2025-11-29 14:30:01,1.89,7.81,26.9,,,
2025-11-29 14:45:01,1.86,7.81,26.9,,,
2025-11-29 15:00:01,1.83,7.81,26.8,,,
2025-11-29 15:15:01,1.81,7.8,26.8,,,
2025-11-29 15:30:01,1.8,7.8,26.8,,,
2025-11-29 15:45:01,1.79,7.8,26.8,time_gap_>20min,,
2025-11-30 00:00:01,1.78,7.79,26.8,time_gap_>20min,,
2025-11-30 01:00:01,1.8,7.8,26.8,time_gap_>20min,,
2025-11-30 02:00:01,1.85,7.81,26.8,time_gap_>20min,,
2025-11-30 03:00:01,1.95,7.82,26.8,time_gap_>20min,,
2025-11-30 04:00:01,2.05,7.83,26.8,time_gap_>20min,,
2025-11-30 05:00:01,2.15,7.85,26.8,time_gap_>20min,,
2025-11-30 06:00:01,2.28,7.87,26.9,time_gap_>20min,,
2025-11-30 07:00:01,2.4,7.89,26.9,time_gap_>20min,,
2025-11-30 08:00:01,2.52,7.91,26.9,time_gap_>20min,,
2025-11-30 09:00:01,2.62,7.92,26.9,time_gap_>20min,,
2025-11-30 10:00:01,2.68,7.93,26.9,time_gap_>20min,,
2025-11-30 11:00:01,2.71,7.93,26.9,time_gap_>20min,,
2025-11-30 12:15:00,2.73,7.94,26.9,time_gap_>20min,,
2025-11-30 12:30:00,2.74,7.94,26.9,,,
2025-11-30 12:45:00,2.91,7.96,26.9,,,
2025-11-30 13:00:00,2.97,7.96,26.9,,,
2025-11-30 13:15:00,3.25,7.98,26.9,,,
2025-11-30 13:30:00,3.47,8.01,26.9,,,
2025-11-30 13:45:00,3.54,8.01,26.9,,,
2025-11-30 14:00:00,3.58,8.01,26.9,,,
2025-11-30 14:15:00,3.93,8.02,26.9,,,
2025-11-30 14:30:00,3.93,8.02,26.9,,,
2025-11-30 14:45:00,3.87,8.02,26.9,,,
2025-11-30 15:00:00,3.95,8.02,26.9,,,
2025-11-30 15:15:00,3.96,8.02,26.9,,,
2025-11-30 15:30:00,4,8.01,26.9,,,
2025-11-30 15:45:00,4.3,8.03,26.9,,,
2025-11-30 16:00:00,4.5,8.04,27,,,
2025-11-30 16:15:00,4.68,8.06,27,,,
2025-11-30 16:30:00,4.83,8.08,27,,,
2025-11-30 16:45:00,5.1,8.09,26.9,,,
2025-11-30 17:00:00,5,8.08,26.9,,,
2025-11-30 17:15:00,4.87,8.07,26.9,,,
2025-11-30 17:30:00,5.1,8.09,26.9,,,
2025-11-30 17:45:00,4.86,8.08,26.9,,,
2025-11-30 18:00:00,4.73,8.08,26.9,,,
2025-11-30 18:15:00,4.5,8.08,26.9,,,
2025-11-30 18:30:00,4.49,8.08,26.9,,,
2025-11-30 18:45:00,4.74,8.08,26.9,,,
2025-11-30 19:00:00,5.13,8.1,26.9,,,
2025-11-30 19:15:00,5.12,8.11,26.9,,,
2025-11-30 19:30:00,5.34,8.11,26.9,,,
2025-11-30 19:45:00,5.64,8.13,26.9,,,
2025-11-30 20:00:00,5.71,8.13,26.9,,,
2025-11-30 20:15:00,6.04,8.17,27,,,
2025-11-30 20:30:00,6.24,8.17,27,,,
2025-11-30 20:45:00,6.45,8.19,27,,,
2025-11-30 21:00:00,6.43,8.19,27,,,
2025-11-30 21:15:00,6.23,8.18,26.9,,,
2025-11-30 21:30:00,6.09,8.16,26.9,,,
2025-11-30 21:45:00,6.08,8.16,26.9,,,
2025-11-30 22:00:00,6.05,8.16,26.9,,,
2025-11-30 22:15:00,5.99,8.16,26.9,,,
2025-11-30 22:30:00,5.95,8.16,26.9,,,
2025-11-30 22:45:00,5.85,8.16,26.9,,,
2025-11-30 23:00:00,5.63,8.14,26.9,,,
2025-11-30 23:15:00,5.41,8.12,26.9,,,
2025-11-30 23:30:00,5.35,8.12,26.9,,,
2025-11-30 23:45:00,5.13,8.12,26.9,,,
2025-12-01 00:00:00,4.46,8.08,26.8,,,
2025-12-01 00:15:00,4.11,8.06,26.9,,,
2025-12-01 00:30:00,3.89,8.04,26.9,,,
2025-12-01 00:45:00,3.9,8.04,26.9,,,
2025-12-01 01:00:00,3.64,8.02,26.9,,,
2025-12-01 01:15:00,3.36,8.01,26.8,,,
2025-12-01 01:30:00,3.19,7.99,26.9,,,
2025-12-01 01:45:00,2.91,7.99,26.9,,,
2025-12-01 02:00:00,2.79,7.97,26.8,,,
2025-12-01 02:15:00,2.77,7.97,26.8,,,
2025-12-01 02:30:00,2.89,7.98,26.8,,,
2025-12-01 02:45:00,2.73,7.98,26.8,,,
2025-12-01 03:00:00,2.55,7.97,26.8,,,
2025-12-01 03:15:00,2.59,7.97,26.8,,,
2025-12-01 03:30:00,2.73,7.97,26.7,,,
2025-12-01 03:45:00,2.73,7.97,26.7,,,
2025-12-01 04:00:00,2.98,7.99,26.7,,,
2025-12-01 04:15:00,3.08,7.99,26.7,,,
2025-12-01 04:30:00,3.32,8,26.7,,,
2025-12-01 04:45:00,2.95,7.99,26.7,,,
2025-12-01 05:00:00,2.81,7.97,26.7,,,
2025-12-01 05:15:00,2.84,7.97,26.7,,,
2025-12-01 05:30:00,2.77,7.97,26.7,,,
2025-12-01 05:45:00,2.81,7.97,26.7,,,
2025-12-01 06:00:00,2.79,7.96,26.7,,,
2025-12-01 06:15:00,2.72,7.96,26.7,,,
2025-12-01 06:30:00,2.72,7.96,26.6,,,
2025-12-01 06:45:00,2.7,7.96,26.6,,,
2025-12-01 07:00:00,2.72,7.96,26.6,,,
2025-12-01 07:15:00,2.73,7.96,26.5,,,
2025-12-01 07:30:00,2.75,7.96,26.5,,,
2025-12-01 07:45:00,2.66,7.96,26.5,,,
2025-12-01 08:00:00,2.68,7.96,26.5,,,
2025-12-01 08:15:00,2.8,7.96,26.5,,,
2025-12-01 08:30:00,2.7,7.96,26.4,,,
2025-12-01 08:45:00,2.7,7.96,26.5,,,
2025-12-01 09:00:00,2.68,7.96,26.4,,,
2025-12-01 09:15:00,2.6,7.96,26.4,,,
2025-12-01 09:30:00,2.55,7.96,26.4,,,
2025-12-01 09:45:00,2.52,7.96,26.4,,,
2025-12-01 10:00:00,2.43,7.94,26.4,,,
2025-12-01 10:15:00,2.42,7.94,26.4,,,
2025-12-01 10:30:00,2.27,7.94,26.4,flyover_window,,
2025-12-01 10:45:00,2.25,7.92,26.3,,,
2025-12-01 11:00:00,2.22,7.94,26.3,,,
2025-12-01 11:15:00,2.17,7.93,26.3,,,
2025-12-01 11:30:00,2.05,7.93,26.3,,,
2025-12-01 11:45:00,2.06,7.93,26.3,,,
2025-12-01 12:00:00,2.05,7.91,26.2,,,
2025-12-01 12:15:00,2,7.91,26.2,,,
2025-12-01 12:30:01,1.96,7.92,26.2,,,
2025-12-01 12:45:01,1.95,7.92,26.2,,,
2025-12-01 13:00:01,1.98,7.92,26.2,,,
2025-12-01 13:15:00,1.91,7.92,26.2,,,
2025-12-01 13:30:00,1.95,7.92,26.2,,,
2025-12-01 13:45:01,2.02,7.92,26.2,,,
2025-12-01 14:00:01,2.09,7.93,26.2,,,
2025-12-01 14:15:01,2.5,7.95,26.2,,,
2025-12-01 14:30:01,2.61,7.95,26.2,,,
2025-12-01 14:45:01,2.93,7.97,26.2,,,
2025-12-01 15:00:00,2.88,7.97,26.2,,,
2025-12-01 15:15:01,2.74,7.95,26.2,,,
2025-12-01 15:30:01,2.81,7.97,26.2,,,
2025-12-01 15:45:00,2.77,7.95,26.2,,,
2025-12-01 16:00:01,2.77,7.96,26.2,,,
2025-12-01 16:15:01,2.91,7.98,26.2,,,
2025-12-01 16:30:01,3.02,7.98,26.2,,,
2025-12-01 16:45:00,3.76,8.02,26.2,,,
2025-12-01 17:00:00,4.04,8.04,26.2,,,
2025-12-01 17:15:01,4.33,8.06,26.2,,,
2025-12-01 17:30:01,4.72,8.07,26.2,,,
2025-12-01 17:45:00,5.07,8.1,26.3,,,
2025-12-01 18:00:01,5.2,8.1,26.3,,,
2025-12-01 18:15:01,5.25,8.1,26.3,,,
2025-12-01 18:30:01,5.25,8.1,26.4,,,
2025-12-01 18:45:01,5.51,8.12,26.4,,,
2025-12-01 19:00:01,5.69,8.12,26.4,,,
2025-12-01 19:15:01,5.76,8.14,26.4,,,
2025-12-01 19:30:01,5.84,8.14,26.4,,,
2025-12-01 19:45:01,5.78,8.13,26.4,,,
2025-12-01 20:00:01,5.89,8.13,26.4,,,
2025-12-01 20:15:01,6.04,8.14,26.4,,,
2025-12-01 20:30:01,5.85,8.14,26.4,,,
2025-12-01 20:45:01,6.09,8.15,26.4,,,
2025-12-01 21:00:01,6.11,8.15,26.4,,,
2025-12-01 21:15:01,5.93,8.15,26.4,,,
2025-12-01 21:30:01,5.96,8.15,26.3,,,
2025-12-01 21:45:01,6.05,8.15,26.3,,,
2025-12-01 22:00:01,5.76,8.14,26.3,,,
2025-12-01 22:15:01,5.66,8.14,26.3,,,
2025-12-01 22:30:01,5.45,8.14,26.3,,,
2025-12-01 22:45:01,5.35,8.13,26.3,,,
2025-12-01 23:00:01,5.34,8.13,26.3,,,
2025-12-01 23:15:01,4.93,8.13,26.3,,,
2025-12-01 23:30:01,5.02,8.12,26.3,,,
2025-12-01 23:45:01,5.05,8.12,26.3,,,
2025-12-02 00:00:01,4.69,8.1,26.3,,,
2025-12-02 00:15:01,4.93,8.11,26.2,,,
2025-12-02 00:30:01,4.76,8.1,26.3,,,
2025-12-02 00:45:00,4.87,8.12,26.2,,,
2025-12-02 01:00:00,4.76,8.11,26.2,,,
2025-12-02 01:15:00,4.78,8.1,26.2,,,
2025-12-02 01:30:00,4.18,8.08,26.2,,,
2025-12-02 01:45:00,4.05,8.06,26.2,,,
2025-12-02 02:00:00,3.86,8.06,26.2,,,
2025-12-02 02:15:00,3.87,8.06,26.2,,,
2025-12-02 02:30:00,3.62,8.06,26.2,,,
2025-12-02 02:45:00,3.41,8.04,26.2,,,
2025-12-02 03:00:00,3.29,8.04,26.1,,,
2025-12-02 03:15:00,3.37,8.04,26.1,,,
2025-12-02 03:30:00,3.39,8.06,26.1,,,
2025-12-02 03:45:01,3.51,8.06,26.1,,,
2025-12-02 04:00:01,3.35,8.04,26.1,,,
2025-12-02 04:15:01,3.45,8.04,26.1,,,
2025-12-02 04:30:01,3.49,8.04,26.1,,,
2025-12-02 04:45:01,3.37,8.04,26,,,
2025-12-02 05:00:01,3.36,8.04,26,,,
2025-12-02 05:15:01,3.35,8.04,26,,,
2025-12-02 05:30:01,3.31,8.04,26,,,
2025-12-02 05:45:01,3.2,8.04,26,,,
2025-12-02 06:00:01,3.14,8.03,26,,,
2025-12-02 06:15:01,3.04,8.02,26,,,
2025-12-02 06:30:01,2.95,8.02,26,,,
2025-12-02 06:45:01,2.93,8.02,26,,,
2025-12-02 07:00:01,2.81,8,26,,,
2025-12-02 07:15:01,2.71,8,26,,,
2025-12-02 07:30:01,2.68,8,25.9,,,
2025-12-02 07:45:01,2.62,8,25.9,,,
2025-12-02 08:00:01,2.62,8,25.9,,,
2025-12-02 08:15:01,2.62,8,25.9,,,
2025-12-02 08:30:01,2.52,7.99,25.9,,,
2025-12-02 08:45:01,2.5,7.99,25.9,,,
2025-12-02 09:00:01,2.27,7.98,25.9,,,
2025-12-02 09:15:01,2.25,7.98,25.8,,,
2025-12-02 09:30:01,2.28,7.97,25.8,,,
2025-12-02 09:45:01,2.16,7.97,25.8,,,
2025-12-02 10:00:01,2.28,7.97,25.8,,,
2025-12-02 10:15:01,2.19,7.97,25.8,,,
2025-12-02 10:30:01,2.14,7.97,25.7,flyover_window,,
2025-12-02 10:45:01,2.08,7.97,25.8,,,
2025-12-02 11:00:01,2,7.96,25.7,,,
2025-12-02 11:15:01,1.99,7.96,25.7,,,
2025-12-02 11:30:01,1.94,7.95,25.8,,,
2025-12-02 11:45:01,1.84,7.95,25.8,,,
2025-12-02 12:00:01,1.82,7.95,25.7,,,
2025-12-02 12:15:01,1.64,7.94,25.7,,,
2025-12-02 12:30:01,1.58,7.92,25.7,,,
2025-12-02 12:45:01,1.68,7.94,25.7,,,
2025-12-02 13:00:01,1.6,7.94,25.7,,,
2025-12-02 13:15:01,1.47,7.91,25.7,,,
2025-12-02 13:30:01,1.52,7.93,25.8,,,
2025-12-02 13:45:01,1.91,7.95,25.8,,,
2025-12-02 14:00:01,2.11,7.97,25.8,,,
2025-12-02 14:15:01,2.81,8.01,25.8,,,
2025-12-02 14:30:01,3.1,8.03,25.8,,,
2025-12-02 14:45:01,3.03,8.03,25.9,,,
2025-12-02 15:00:01,3.28,8.03,25.9,,,
2025-12-02 15:15:01,2.88,8.01,25.9,,,
2025-12-02 15:30:01,3.01,8.01,25.9,,,
2025-12-02 15:45:01,3.42,8.03,25.9,,,
2025-12-02 16:00:01,3.5,8.02,25.9,,,
2025-12-02 16:15:01,3.49,8.02,25.9,,,
2025-12-02 16:30:01,3.7,8.04,25.9,,,
2025-12-02 16:45:01,3.88,8.06,25.9,,,
2025-12-02 17:00:01,3.91,8.04,25.9,,,
2025-12-02 17:15:01,3.77,8.05,25.9,,,
2025-12-02 17:30:01,4.35,8.07,25.9,,,
2025-12-02 17:45:01,5.5,8.13,25.9,,,
2025-12-02 18:00:01,5.82,8.17,25.9,,,
2025-12-02 18:15:01,5.57,8.16,25.9,,,
2025-12-02 18:30:01,6.02,8.18,25.9,,,
2025-12-02 18:45:01,6.09,8.18,26,,,
2025-12-02 19:00:01,6.73,8.22,26,,,
2025-12-02 19:15:01,6.99,8.24,26,,,
2025-12-02 19:30:01,7.09,8.24,26,,,
2025-12-02 19:45:01,6.72,8.22,26,,,
2025-12-02 20:00:01,6.69,8.22,26,,,
2025-12-02 20:15:01,6.46,8.2,26,,,
2025-12-02 20:30:01,6.46,8.2,26,,,
2025-12-02 20:45:01,6.42,8.2,26,,,
2025-12-02 21:00:01,6.44,8.2,26,,,
2025-12-02 21:15:01,5.45,8.14,25.9,,,
2025-12-02 21:30:01,4.69,8.09,25.9,,,
2025-12-02 21:45:01,4.39,8.09,25.9,,,
2025-12-02 22:00:01,4.33,8.08,25.9,,,
2025-12-02 22:15:01,4.28,8.08,25.9,,,
2025-12-02 22:30:01,4.53,8.09,25.9,,,
2025-12-02 22:45:01,5.3,8.13,25.8,,,
2025-12-02 23:00:01,5.24,8.13,25.9,,,
2025-12-02 23:15:01,5.15,8.13,25.8,,,
2025-12-02 23:30:01,4.84,8.11,25.8,,,
2025-12-02 23:45:01,4.69,8.1,25.8,,,
2025-12-03 00:00:01,4.66,8.11,25.8,,,
2025-12-03 00:15:01,4.78,8.12,25.8,,,
2025-12-03 00:30:01,4.67,8.11,25.8,,,
2025-12-03 00:45:01,4.59,8.1,25.8,,,
2025-12-03 01:00:01,4.5,8.08,25.8,,,
2025-12-03 01:15:00,4.84,8.11,25.8,,,
2025-12-03 01:30:01,4.57,8.1,25.8,,,
2025-12-03 01:45:01,4.67,8.1,25.7,,,
2025-12-03 02:00:01,4.51,8.1,25.7,,,
2025-12-03 02:15:01,4.66,8.1,25.7,,,
2025-12-03 02:30:01,4.59,8.1,25.7,,,
2025-12-03 02:45:01,4.47,8.09,25.7,,,
2025-12-03 03:00:01,4.41,8.09,25.7,,,
2025-12-03 03:15:01,4.3,8.08,25.7,,,
2025-12-03 03:30:01,4.08,8.08,25.7,,,
2025-12-03 03:45:01,4.08,8.08,25.7,,,
2025-12-03 04:00:01,3.94,8.07,25.7,,,
2025-12-03 04:15:01,3.78,8.06,25.7,,,
2025-12-03 04:30:01,3.64,8.06,25.7,,,
2025-12-03 04:45:01,3.54,8.06,25.6,,,
2025-12-03 05:00:01,3.3,8.04,25.6,,,
2025-12-03 05:15:01,3.08,8.02,25.6,,,
2025-12-03 05:30:01,3.14,8.02,25.6,,,
2025-12-03 05:45:01,3.13,8.02,25.6,,,
2025-12-03 06:00:01,2.84,8,25.6,,,
2025-12-03 06:15:01,2.77,8,25.6,,,
2025-12-03 06:30:01,2.67,8,25.6,,,
2025-12-03 06:45:01,2.56,7.98,25.6,,,
2025-12-03 07:00:01,2.62,7.98,25.6,,,
2025-12-03 07:15:01,2.59,7.98,25.6,,,
2025-12-03 07:30:01,2.56,7.98,25.6,,,
2025-12-03 07:45:01,2.58,7.98,25.5,,,
2025-12-03 08:00:01,2.52,7.98,25.5,,,
2025-12-03 08:15:01,2.42,7.96,25.6,,,
2025-12-03 08:30:01,2.32,7.98,25.5,,,
2025-12-03 08:45:01,2.33,7.96,25.5,,,
2025-12-03 09:00:01,2.19,7.97,25.5,,,
2025-12-03 09:15:01,2.12,7.95,25.5,,,
2025-12-03 09:30:01,2.05,7.95,25.5,,,
2025-12-03 09:45:01,2.16,7.95,25.4,,,
2025-12-03 10:00:01,2.13,7.95,25.5,,,
2025-12-03 10:15:01,2.1,7.95,25.4,,,
2025-12-03 10:30:01,2.12,7.95,25.4,flyover_window,,
2025-12-03 10:45:01,3.75,8.06,25.7,,,
2025-12-03 11:00:01,4.39,8.08,25.7,,,
2025-12-03 11:15:01,4.56,8.08,25.8,,,
2025-12-03 11:30:01,4.82,8.1,25.8,,,
2025-12-03 11:45:01,5.15,8.12,25.8,,,
2025-12-03 12:00:01,5.49,8.14,25.9,,,
2025-12-03 12:15:01,5.39,8.14,25.9,,,
2025-12-03 12:30:01,5.29,8.13,25.9,,,
2025-12-03 12:45:01,5.43,8.12,25.9,,,
2025-12-03 13:00:01,6.28,8.19,25.9,,,
2025-12-03 13:15:01,7.41,8.25,26.1,,,
2025-12-03 13:30:01,8.01,8.27,26.1,,,
2025-12-03 13:45:01,8.66,8.33,26.2,,,
2025-12-03 14:00:01,8.42,8.34,26.2,,,
2025-12-03 14:15:01,8.65,8.35,26.2,,,
2025-12-03 14:30:01,9.86,8.43,26.3,,,
2025-12-03 14:45:01,10.01,8.39,26.4,,,
2025-12-03 15:00:01,9.64,8.4,26.5,,,
2025-12-03 15:15:01,10.41,8.42,26.5,,,
2025-12-03 15:30:01,9.42,8.38,26.4,,,
2025-12-03 15:45:01,9.39,8.37,26.3,,,
2025-12-03 16:00:01,9.32,8.37,26.3,,,
2025-12-03 16:15:01,8.96,8.35,26.2,,,
2025-12-03 16:30:01,8.33,8.3,26.2,,,
2025-12-03 16:45:01,7.89,8.29,26.2,,,
2025-12-03 17:00:01,9.2,8.37,26.2,,,
2025-12-03 17:15:01,8.85,8.37,26.2,,,
2025-12-03 17:30:01,8.59,8.35,26.1,,,
2025-12-03 17:45:01,8.34,8.32,26,,,
2025-12-03 18:00:01,8.28,8.32,26.1,,,
2025-12-03 18:15:01,8.08,8.32,26.1,,,
2025-12-03 18:30:01,7.9,8.31,26.1,,,
2025-12-03 18:45:01,7.79,8.3,26.1,,,
2025-12-03 19:00:01,8.62,8.36,26.1,,,
2025-12-03 19:15:01,8.75,8.37,26.1,,,
2025-12-03 19:30:01,7.91,8.33,26.1,,,
2025-12-03 19:45:01,7.19,8.29,26.1,,,
2025-12-03 20:00:01,7.34,8.27,26,,,
2025-12-03 20:15:01,6.33,8.24,26,,,
2025-12-03 20:30:01,6.46,8.23,26,,,
2025-12-03 20:45:01,6.58,8.22,25.9,,,
2025-12-03 21:00:01,6.28,8.19,25.9,,,
2025-12-03 21:15:01,5.77,8.18,25.9,,,
2025-12-03 21:30:01,5.57,8.16,25.9,,,
2025-12-03 21:45:01,5.34,8.14,25.9,,,
2025-12-03 22:00:01,5.04,8.13,25.8,,,
2025-12-03 22:15:01,4.63,8.11,25.8,,,
2025-12-03 22:30:01,4.71,8.11,25.8,,,
2025-12-03 22:45:01,4.54,8.11,25.8,,,
2025-12-03 23:00:01,4.49,8.09,25.8,,,
2025-12-03 23:15:01,4.04,8.07,25.7,,,
2025-12-03 23:30:01,3.67,8.05,25.7,,,
2025-12-03 23:45:01,3.3,8.04,25.7,,,
2025-12-04 00:00:01,3.27,8.02,25.7,,,
2025-12-04 00:15:01,3.19,8.02,25.7,,,
2025-12-04 00:30:01,3.07,8.02,25.7,,,
2025-12-04 00:45:01,3.05,8.01,25.7,,,
2025-12-04 01:00:01,3.07,8.01,25.7,,,
2025-12-04 01:15:01,2.87,8,25.7,,,
2025-12-04 01:30:02,2.72,7.99,25.6,,,
2025-12-04 01:45:02,2.63,7.98,25.6,,,
2025-12-04 02:00:02,2.34,7.96,25.6,,,
2025-12-04 02:15:02,2.04,7.94,25.6,,,
2025-12-04 02:30:01,1.92,7.94,25.6,,,
2025-12-04 02:45:02,1.84,7.92,25.6,,,
2025-12-04 03:00:01,1.73,7.92,25.6,,,
2025-12-04 03:15:02,1.58,7.9,25.6,,,
2025-12-04 03:30:01,1.4,7.89,25.6,,,
2025-12-04 03:45:02,1.43,7.89,25.5,,,
2025-12-04 04:00:02,1.62,7.91,25.5,,,
2025-12-04 04:15:02,1.34,7.89,25.5,,,
2025-12-04 04:30:02,1.43,7.89,25.5,,,
2025-12-04 04:45:02,1.41,7.89,25.5,,,
2025-12-04 05:00:02,1.51,7.91,25.5,,,
2025-12-04 05:15:02,1.69,7.91,25.5,,,
2025-12-04 05:30:02,1.23,7.89,25.5,,,
2025-12-04 05:45:02,1.25,7.89,25.5,,,
2025-12-04 06:00:02,1.32,7.89,25.5,,,
2025-12-04 06:15:02,1.29,7.89,25.4,,,
2025-12-04 06:30:02,1.28,7.89,25.4,,,
2025-12-04 06:45:02,1.32,7.89,25.4,,,
2025-12-04 07:00:02,1.25,7.88,25.4,,,
2025-12-04 07:15:02,1.2,7.88,25.4,,,
2025-12-04 07:30:02,1.17,7.88,25.4,,,
2025-12-04 07:45:02,1.26,7.88,25.4,,,
2025-12-04 08:00:02,1.69,7.9,25.4,,,
2025-12-04 08:15:02,1.87,7.92,25.4,,,
2025-12-04 08:30:02,2.35,7.94,25.5,,,
2025-12-04 08:45:02,2.61,7.94,25.5,,,
2025-12-04 09:00:02,2.89,7.96,25.5,,,
2025-12-04 09:15:02,2.96,7.96,25.6,,,
2025-12-04 09:30:02,2.98,7.96,25.6,,,
2025-12-04 09:45:02,3.24,7.99,25.6,,,
2025-12-04 10:00:02,3.37,7.98,25.7,,,
2025-12-04 10:15:02,3.52,8,25.7,,,
2025-12-04 10:30:02,3.69,8.02,25.8,flyover_window,,
2025-12-04 10:45:02,3.9,8.02,25.8,,,
2025-12-04 11:00:02,4.14,8.04,25.9,,,
2025-12-04 11:15:02,4.75,8.08,26,,,
2025-12-04 11:30:02,4.75,8.08,26,,,
2025-12-04 11:45:02,5.78,8.13,26.1,,,
2025-12-04 12:00:02,6.04,8.15,26.2,,,
2025-12-04 12:15:02,6.61,8.19,26.4,,,
2025-12-04 12:30:02,7.15,8.22,26.5,,,
2025-12-04 12:45:02,7.43,8.23,26.5,,,
2025-12-04 13:00:02,7.68,8.25,26.6,,,
2025-12-04 13:15:02,8.17,8.28,26.7,,,
2025-12-04 13:30:01,7.87,8.26,26.7,,,
2025-12-04 13:45:01,8.76,8.32,26.8,,,
2025-12-04 14:00:01,9.92,8.38,26.9,,,
2025-12-04 14:15:01,10.13,8.39,27,,,
2025-12-04 14:30:01,10.23,8.4,27,,,
2025-12-04 14:45:01,10.17,8.4,27,,,
2025-12-04 15:00:01,10.55,8.42,27.1,,,
2025-12-04 15:15:01,11,8.46,27.2,,,
2025-12-04 15:30:01,11.29,8.48,27.2,,,
2025-12-04 15:45:01,11.6,8.5,27.2,,,
2025-12-04 16:00:01,11,8.49,27.2,,,
2025-12-04 16:15:01,11.58,8.49,27.2,,,
2025-12-04 16:30:02,11.41,8.49,27.1,,,
2025-12-04 16:45:02,11.44,8.49,27.1,,,
2025-12-04 17:00:02,11.6,8.49,27.1,,,
2025-12-04 17:15:02,11.24,8.49,27.1,,,
2025-12-04 17:30:02,11.2,8.47,27,,DO_jump_>2,
2025-12-04 17:45:02,7.73,8.45,26.7,,DO_jump_>2,
2025-12-04 18:00:02,11.49,8.45,26.9,,DO_jump_>2,
2025-12-04 18:15:02,10.97,8.43,26.9,,,
2025-12-04 18:30:02,10.68,8.41,26.8,,,
2025-12-04 18:45:02,10.53,8.41,26.8,,,
2025-12-04 19:00:02,10.43,8.4,26.7,,,
2025-12-04 19:15:02,10.19,8.4,26.7,,,
2025-12-04 19:30:02,10,8.38,26.7,,,
2025-12-04 19:45:02,9.77,8.36,26.7,,,
2025-12-04 20:00:02,9.45,8.34,26.6,,,
2025-12-04 20:15:02,9.21,8.34,26.6,,,
2025-12-04 20:30:02,9.09,8.33,26.6,,,
2025-12-04 20:45:02,8.92,8.31,26.5,,,
2025-12-04 21:00:02,8.33,8.27,26.5,,,
2025-12-04 21:15:02,8.52,8.29,26.5,,,
2025-12-04 21:30:02,8.28,8.27,26.4,,,
2025-12-04 21:45:02,8.01,8.27,26.4,,,
2025-12-04 22:00:02,7.89,8.25,26.4,,,
2025-12-04 22:15:02,7.76,8.25,26.4,,,
2025-12-04 22:30:01,7.75,8.24,26.4,,,
2025-12-04 22:45:01,7.76,8.24,26.4,,,
2025-12-04 23:00:01,7.79,8.24,26.3,,,
2025-12-04 23:15:01,7.42,8.22,26.3,,,
2025-12-04 23:30:01,7.49,8.24,26.3,,,
2025-12-04 23:45:01,7.48,8.22,26.2,,,
2025-12-05 00:00:01,7.08,8.2,26.2,,,
2025-12-05 00:15:01,6.89,8.2,26.2,,,
2025-12-05 00:30:01,6.6,8.17,26.2,,,
2025-12-05 00:45:01,6.39,8.15,26.2,,,
2025-12-05 01:00:01,5.99,8.13,26.1,,,
2025-12-05 01:15:01,5.82,8.12,26.1,,,
2025-12-05 01:30:02,5.4,8.1,26.1,,,
2025-12-05 01:45:02,4.86,8.06,26.1,,,
2025-12-05 02:00:02,4.1,8.01,26.1,,,
2025-12-05 02:15:02,4.22,8.02,26,,,
2025-12-05 02:30:02,4.36,8.03,26,,,
2025-12-05 02:45:02,3.57,7.97,26,,,
2025-12-05 03:00:02,4.42,8.03,26,,,
2025-12-05 03:15:02,4.36,8.02,25.9,,,
2025-12-05 03:30:02,4.37,8.03,25.9,,,
2025-12-05 03:45:02,3.99,8.01,25.9,,,
2025-12-05 04:00:02,4.1,8.01,25.9,,,
2025-12-05 04:15:02,3.92,8,25.9,,,
2025-12-05 04:30:02,3.76,7.99,25.9,,,
2025-12-05 04:45:02,3.7,7.99,25.8,,,
2025-12-05 05:00:02,3.57,7.98,25.8,,,
2025-12-05 05:15:02,3.47,7.98,25.8,,,
2025-12-05 05:30:02,3.42,7.97,25.8,,,
2025-12-05 05:45:02,3.33,7.95,25.8,,,
2025-12-05 06:00:02,3.2,7.95,25.8,,,
2025-12-05 06:15:02,3.12,7.95,25.8,,,
2025-12-05 06:30:02,2.31,7.94,25.7,,,
2025-12-05 06:45:02,2.27,7.93,25.7,,,
2025-12-05 07:00:02,2.39,7.93,25.7,,,
2025-12-05 07:15:02,2.55,7.91,25.7,,,
2025-12-05 07:30:02,2.51,7.91,25.7,,,
2025-12-05 07:45:02,2.63,7.91,25.7,,,
2025-12-05 08:00:02,2.78,7.93,25.7,,,
2025-12-05 08:15:02,3.07,7.95,25.7,,,
2025-12-05 08:30:02,3.48,7.97,25.7,,,
2025-12-05 08:45:02,3.7,7.97,25.8,,,
2025-12-05 09:00:02,4.27,8.01,25.8,,,
2025-12-05 09:15:02,4.59,8.03,25.8,,,
2025-12-05 09:30:02,4.89,8.05,25.9,,,
2025-12-05 09:45:02,4.92,8.04,25.9,,,
2025-12-05 10:00:02,4.73,8.03,26,,,
2025-12-05 10:15:02,4.62,8.03,26,,,
2025-12-05 10:30:02,4.67,8.03,26,flyover_window,,
2025-12-05 10:45:02,4.79,8.01,26.1,,,
2025-12-05 11:00:02,4.99,8.05,26.1,,,
2025-12-05 11:15:02,5.06,8.13,26.2,,,
2025-12-05 11:30:02,6.32,8.16,26.3,,,
2025-12-05 11:45:02,6.42,8.14,26.4,,,
2025-12-05 12:00:02,7.22,8.19,26.5,,,
2025-12-05 12:15:02,7.04,8.16,26.6,,,
2025-12-05 12:30:02,7.98,8.23,26.7,,,
2025-12-05 12:45:02,7.44,8.19,26.7,,,
2025-12-05 13:00:02,8.37,8.25,26.7,,,
2025-12-05 13:15:02,9.15,8.29,26.7,,,
2025-12-05 13:30:02,9.89,8.35,26.9,,,
2025-12-05 13:45:02,10.68,8.39,27,,,
2025-12-05 14:00:02,10.9,8.4,27,,,
2025-12-05 14:15:02,11.08,8.42,27.1,,,
2025-12-05 14:30:02,11.35,8.42,27.1,,,
2025-12-05 14:45:02,11.51,8.43,27.1,,,
2025-12-05 15:00:02,11.29,8.43,27.1,,,
2025-12-05 15:15:02,11.53,8.44,27.1,,,
2025-12-05 15:30:02,11.68,8.44,27.1,,,
2025-12-05 15:45:02,12.03,8.48,27.1,,,
2025-12-05 16:00:02,12,8.47,27.1,,,
2025-12-05 16:15:02,12.17,8.49,27.1,,,
2025-12-05 16:30:02,12.02,8.46,27,,,
2025-12-05 16:45:02,11.99,8.47,27,,,
2025-12-05 17:00:02,11.69,8.46,27,,,
2025-12-05 17:15:02,11.75,8.45,26.9,,,
2025-12-05 17:30:02,11.56,8.44,26.9,,,
2025-12-05 17:45:02,11.22,8.42,26.9,,,
2025-12-05 18:00:02,10.84,8.4,26.8,,,
2025-12-05 18:15:02,10.6,8.4,26.8,,,
2025-12-05 18:30:02,10.2,8.38,26.7,,,
2025-12-05 18:45:02,9.97,8.36,26.7,,,
2025-12-05 19:00:02,9.62,8.34,26.6,,,
2025-12-05 19:15:02,9.24,8.3,26.5,,,
2025-12-05 19:30:02,8.87,8.29,26.5,,,
2025-12-05 19:45:02,8.2,8.23,26.4,,,
2025-12-05 20:00:02,7.6,8.21,26.5,,,
2025-12-05 20:15:02,7.57,8.21,26.4,,,
2025-12-05 20:30:02,7.44,8.21,26.4,,,
2025-12-05 20:45:02,7.16,8.18,26.4,,,
2025-12-05 21:00:02,7.1,8.18,26.4,,,
2025-12-05 21:15:02,6.85,8.16,26.4,,,
2025-12-05 21:30:02,6.38,8.14,26.4,,,
2025-12-05 21:45:02,6.13,8.12,26.3,,,
2025-12-05 22:00:02,6.04,8.12,26.3,,,
2025-12-05 22:15:02,6.04,8.11,26.3,,,
2025-12-05 22:30:02,6.58,8.16,26.3,,,
2025-12-05 22:45:02,6.22,8.12,26.2,,,
2025-12-05 23:00:02,6.09,8.12,26.2,,,
2025-12-05 23:15:02,5.69,8.1,26.2,,,
2025-12-05 23:30:02,5.5,8.08,26.2,,,
2025-12-05 23:45:02,4.84,8.08,26.2,,,
2025-12-06 00:00:02,4.82,8.06,26.2,,,
2025-12-06 00:15:02,4.68,8.03,26.2,,,
2025-12-06 00:30:02,4.47,8.01,26.2,,,
2025-12-06 00:45:02,4.38,8.01,26.2,,,
2025-12-06 01:00:02,4.66,8.03,26.1,,,
2025-12-06 01:15:02,4.65,8.03,26.1,,,
2025-12-06 01:30:02,4.66,8.03,26.1,,,
2025-12-06 01:45:02,4.55,8.03,26.1,,,
2025-12-06 02:00:02,4.59,8.03,26.1,,,
2025-12-06 02:15:02,4.46,8.03,26,,,
2025-12-06 02:30:02,4.24,8,26,,,
2025-12-06 02:45:02,4.22,8,26,,,
2025-12-06 03:00:02,4.06,8,26,,,
2025-12-06 03:15:02,4.01,7.99,26,,,
2025-12-06 03:30:02,3.92,7.99,26,,,
2025-12-06 03:45:02,3.7,7.97,26,,,
2025-12-06 04:00:02,3.72,7.97,25.9,,,
2025-12-06 04:15:02,3.66,7.97,25.9,,,
2025-12-06 04:30:02,3.73,7.97,25.9,,,
2025-12-06 04:45:02,3.52,7.96,26,,,
2025-12-06 05:00:02,3.39,7.95,25.9,,,
2025-12-06 05:15:02,3.25,7.95,25.9,,,
2025-12-06 05:30:02,3.33,7.95,25.9,,,
2025-12-06 05:45:02,3.2,7.93,25.9,,,
2025-12-06 06:00:02,3.5,7.95,25.9,,,
2025-12-06 06:15:02,3.32,7.95,25.9,,,
2025-12-06 06:30:02,3.19,7.94,25.9,,,
2025-12-06 06:45:02,3.07,7.92,25.9,,,
2025-12-06 07:00:02,3.02,7.92,25.8,,,
2025-12-06 07:15:02,2.99,7.92,25.8,,,
2025-12-06 07:30:02,2.97,7.92,25.8,,,
2025-12-06 07:45:02,3.18,7.93,25.8,,,
2025-12-06 08:00:02,3.29,7.94,25.8,,,
2025-12-06 08:15:02,3.1,7.94,25.8,,,
2025-12-06 08:30:02,3.68,7.96,25.8,,,
2025-12-06 08:45:02,3.65,7.97,25.8,,,
2025-12-06 09:00:02,4.15,8.01,25.9,,,
2025-12-06 09:15:02,4.82,8.03,25.9,,,
2025-12-06 09:30:02,5.06,8.05,25.9,,,
2025-12-06 09:45:02,5.63,8.07,26,,,
2025-12-06 10:00:02,5.92,8.09,26.1,,,
2025-12-06 10:15:02,5.92,8.09,26.1,,,
2025-12-06 10:30:02,5.99,8.09,26.1,flyover_window,,
2025-12-06 10:45:02,6.2,8.11,26.2,,,
2025-12-06 11:00:02,6.4,8.11,26.3,,,
2025-12-06 11:15:02,6.33,8.11,26.4,,,
2025-12-06 11:30:02,5.97,8.09,26.4,,,
2025-12-06 11:45:02,6.39,8.12,26.5,,,
2025-12-06 12:00:02,7.59,8.2,26.7,,,
2025-12-06 12:15:02,7.33,8.17,26.8,,,
2025-12-06 12:30:02,8.12,8.22,26.7,,,
2025-12-06 12:45:02,9.08,8.27,26.8,,,
2025-12-06 13:00:02,10.95,8.39,27.1,,,
2025-12-06 13:15:02,9.87,8.33,27.1,,,
2025-12-06 13:30:02,11.1,8.39,27.2,,,
2025-12-06 13:45:03,11.64,8.43,27.3,,,
2025-12-06 14:00:02,12.05,8.45,27.4,,,
2025-12-06 14:15:03,12.51,8.46,27.5,,,
2025-12-06 14:30:02,12.99,8.5,27.5,,,
2025-12-06 14:45:03,13.19,8.5,27.5,,,
2025-12-06 15:00:02,13.69,8.52,27.5,,,
2025-12-06 15:15:03,13.68,8.52,27.6,,,
2025-12-06 15:30:03,13.87,8.54,27.5,,,
2025-12-06 15:45:03,14.11,8.56,27.5,,,
2025-12-06 16:00:02,14.07,8.56,27.5,,,
2025-12-06 16:15:02,14.62,8.58,27.5,,,
2025-12-06 16:30:03,14.59,8.58,27.5,,,
2025-12-06 16:45:02,14.65,8.56,27.4,,,
2025-12-06 17:00:02,14.87,8.57,27.4,,,
2025-12-06 17:15:02,14.75,8.57,27.3,,,
2025-12-06 17:30:02,14.22,8.54,27.2,,,
2025-12-06 17:45:03,13.88,8.52,27.2,,,
2025-12-06 18:00:02,13.38,8.5,27.2,,,
2025-12-06 18:15:02,13,8.48,27.1,,,
2025-12-06 18:30:03,12.65,8.47,27.1,,,
2025-12-06 18:45:02,13.1,8.49,27,,,
2025-12-06 19:00:02,12.59,8.47,27,,,
2025-12-06 19:15:02,12.06,8.45,27,,,
2025-12-06 19:30:03,11.9,8.44,26.9,,,
2025-12-06 19:45:03,11.54,8.42,26.9,,,
2025-12-06 20:00:03,11.26,8.4,26.8,,,
2025-12-06 20:15:03,10.43,8.36,26.7,,,
2025-12-06 20:30:03,10.09,8.36,26.7,,,
2025-12-06 20:45:03,10,8.36,26.7,,,
2025-12-06 21:00:03,9.86,8.34,26.7,,,
2025-12-06 21:15:03,9.59,8.32,26.6,,,
2025-12-06 21:30:03,9.36,8.3,26.6,,,
2025-12-06 21:45:03,9.05,8.28,26.6,,,
2025-12-06 22:00:03,8.82,8.27,26.5,,,
2025-12-06 22:15:03,8.49,8.25,26.5,,,
2025-12-06 22:30:03,8.36,8.25,26.5,,,
2025-12-06 22:45:03,8.33,8.24,26.4,,,
2025-12-06 23:00:03,8.09,8.22,26.4,,,
2025-12-06 23:15:03,7.7,8.2,26.4,,,
2025-12-06 23:30:03,7.14,8.18,26.3,,,
2025-12-06 23:45:03,6.6,8.14,26.3,,,
2025-12-07 00:00:03,6.45,8.12,26.2,,,
2025-12-07 00:15:03,6,8.11,26.2,,,
2025-12-07 00:30:03,5.72,8.07,26.2,,,
2025-12-07 00:45:03,5.43,8.06,26.2,,,
2025-12-07 01:00:03,5.32,8.06,26.2,time_gap_>20min,,
2025-12-07 01:30:03,5.02,8.04,26.1,time_gap_>20min,,
2025-12-07 01:45:03,4.72,8.01,26.1,,,
2025-12-07 02:00:03,4.79,8.01,26.1,,,
2025-12-07 02:15:03,4.73,8.02,26.1,,,
2025-12-07 02:30:03,4.69,8.02,26.1,,,
2025-12-07 02:45:03,4.62,8.02,26.1,,,
2025-12-07 03:00:03,4.5,8,26.1,,,
2025-12-07 03:15:03,4.41,8,26.1,,,
2025-12-07 03:30:03,4.48,8,26,,,
2025-12-07 03:45:03,4.17,7.98,26,,,
2025-12-07 04:00:03,4.08,7.98,26,,,
2025-12-07 04:15:03,4.03,7.98,26,,,
2025-12-07 04:30:03,3.81,7.95,26,,,
2025-12-07 04:45:03,3.65,7.95,26,,,
2025-12-07 05:00:03,3.6,7.95,26,,,
2025-12-07 05:15:03,3.63,7.95,25.9,,,
2025-12-07 05:30:03,3.5,7.93,25.9,,,
2025-12-07 05:45:03,3.45,7.93,25.9,,,
2025-12-07 06:00:03,3.34,7.93,25.9,,,
2025-12-07 06:15:03,3.15,7.91,25.9,,,
2025-12-07 06:30:03,3.05,7.91,25.8,,,
2025-12-07 06:45:03,2.84,7.91,25.8,,,
2025-12-07 07:00:03,2.66,7.89,25.8,,,
2025-12-07 07:15:03,2.48,7.89,25.8,,,
2025-12-07 07:30:03,2.62,7.88,25.8,,,
2025-12-07 07:45:03,2.66,7.89,25.8,,,
2025-12-07 08:00:03,2.91,7.91,25.8,,,
2025-12-07 08:15:03,3.48,7.93,25.8,,,
2025-12-07 08:30:03,4.03,7.97,25.8,,,
2025-12-07 08:45:03,4.23,7.99,25.8,,,
2025-12-07 09:00:03,4.39,7.99,25.9,,,
2025-12-07 09:15:03,4.58,7.99,25.9,,,
2025-12-07 09:30:03,4.57,7.99,25.9,,,
2025-12-07 09:45:03,4.77,8,26,,,
2025-12-07 10:00:03,4.97,8.02,26,,,
2025-12-07 10:15:03,5.65,8.06,26.1,,,
2025-12-07 10:30:03,6.3,8.1,26.2,flyover_window,,
2025-12-07 10:45:03,6.71,8.12,26.3,,,
2025-12-07 11:00:03,7.5,8.16,26.4,,,
2025-12-07 11:15:03,7.95,8.19,26.4,,,
2025-12-07 11:30:03,8.1,8.21,26.4,,,
2025-12-07 11:45:03,7.85,8.18,26.5,,,
2025-12-07 12:00:03,8.09,8.21,26.6,,,
2025-12-07 12:15:03,8.42,8.22,26.7,,,
2025-12-07 12:30:03,8.83,8.24,26.8,,,
2025-12-07 12:45:03,9.49,8.28,26.9,,,
2025-12-07 13:00:03,9.76,8.3,27.2,,,
2025-12-07 13:15:03,10.69,8.38,27.4,,,
2025-12-07 13:30:03,11.48,8.42,27.5,,,
2025-12-07 13:45:03,11.39,8.42,27.5,,,
2025-12-07 14:00:03,11.95,8.43,27.5,,,
2025-12-07 14:15:03,11.97,8.43,27.4,,,
2025-12-07 14:30:03,12.92,8.47,27.5,,,
2025-12-07 14:45:03,13.08,8.48,27.4,,,
2025-12-07 15:00:03,13.65,8.5,27.5,,,
2025-12-07 15:15:03,13.88,8.52,27.5,,,
2025-12-07 15:30:03,14.08,8.52,27.5,,,
2025-12-07 15:45:03,14.27,8.57,27.7,,,
2025-12-07 16:00:03,15.06,8.58,27.7,,,
2025-12-07 16:15:03,15.34,8.58,27.7,,,
2025-12-07 16:30:03,14.83,8.56,27.6,,,
2025-12-07 16:45:03,15.33,8.58,27.6,,,
2025-12-07 17:00:03,14.87,8.55,27.5,,,
2025-12-07 17:15:03,14.58,8.55,27.5,,,
2025-12-07 17:30:03,14.33,8.53,27.4,,,
2025-12-07 17:45:03,13.71,8.51,27.4,,,
2025-12-07 18:00:03,13.41,8.5,27.3,,,
2025-12-07 18:15:03,13.07,8.48,27.2,,,
2025-12-07 18:30:03,12.73,8.47,27.1,,,
2025-12-07 18:45:03,12.33,8.44,27,,,
2025-12-07 19:00:03,12.34,8.45,27,,,
2025-12-07 19:15:03,12.01,8.43,26.9,,,
2025-12-07 19:30:03,11.78,8.42,26.9,,,
2025-12-07 19:45:03,11.53,8.41,26.9,,,
2025-12-07 20:00:03,10.97,8.39,26.9,,,
2025-12-07 20:15:03,10.56,8.37,26.9,,,
2025-12-07 20:30:03,10.39,8.35,26.8,,,
2025-12-07 20:45:03,10.28,8.35,26.8,,,
2025-12-07 21:00:03,10.12,8.34,26.7,,,
2025-12-07 21:15:03,9.89,8.32,26.7,,,
2025-12-07 21:30:03,9.6,8.3,26.6,,,
2025-12-07 21:45:03,9.47,8.29,26.6,,,
2025-12-07 22:00:03,9.14,8.27,26.5,,,
2025-12-07 22:15:03,8.87,8.25,26.5,,,
2025-12-07 22:30:03,8.79,8.25,26.5,,,
2025-12-07 22:45:03,8.66,8.23,26.4,,,
2025-12-07 23:00:03,8.44,8.23,26.4,,,
2025-12-07 23:15:03,8.04,8.21,26.4,,,
2025-12-07 23:30:03,7.9,8.21,26.4,,,
2025-12-07 23:45:03,7.81,8.19,26.4,,,
2025-12-08 00:00:03,7.66,8.19,26.3,,,
2025-12-08 00:15:03,7.57,8.17,26.3,,,
2025-12-08 00:30:03,7.38,8.16,26.3,,,
2025-12-08 00:45:03,7.03,8.14,26.2,,,
2025-12-08 01:00:03,6.93,8.14,26.2,,,
2025-12-08 01:15:03,6.47,8.1,26.2,,,
2025-12-08 01:30:03,6.27,8.09,26.2,,,
2025-12-08 01:45:03,5.96,8.07,26.2,,,
2025-12-08 02:00:03,5.73,8.06,26.1,,,
2025-12-08 02:15:03,5.93,8.08,26.1,,,
2025-12-08 02:30:03,5.64,8.06,26.1,,,
2025-12-08 02:45:03,5.35,8.03,26.1,,,
2025-12-08 03:00:03,5.1,8.01,26.1,,,
2025-12-08 03:15:03,4.85,8.01,26.1,,,
2025-12-08 03:30:03,4.7,7.99,26,,,
2025-12-08 03:45:03,4.65,7.99,26,,,
2025-12-08 04:00:03,4.48,7.97,26,,,
2025-12-08 04:15:03,4.31,7.97,26,,,
2025-12-08 04:30:03,4.21,7.97,26,,,
2025-12-08 04:45:03,4.09,7.95,26,,,
2025-12-08 05:00:03,4.01,7.95,26,,,
2025-12-08 05:15:03,3.95,7.95,25.9,,,
2025-12-08 05:30:03,3.85,7.95,25.9,,,
2025-12-08 05:45:03,3.68,7.93,25.9,,,
2025-12-08 06:00:03,3.74,7.93,25.9,,,
2025-12-08 06:15:03,3.64,7.93,25.9,,,
2025-12-08 06:30:03,3.65,7.93,25.8,,,
2025-12-08 06:45:03,3.45,7.91,25.8,,,
2025-12-08 07:00:03,3.24,7.92,25.8,,,
2025-12-08 07:15:03,3.2,7.9,25.8,,,
2025-12-08 07:30:03,3.18,7.9,25.7,,,
2025-12-08 07:45:03,3.3,7.91,25.8,,,
2025-12-08 08:00:03,3.39,7.92,25.8,,,
2025-12-08 08:15:03,3.58,7.92,25.8,,,
2025-12-08 08:30:03,2.96,7.9,25.8,,,
2025-12-08 08:45:03,3.06,7.9,25.8,,,
2025-12-08 09:00:03,3.48,7.98,26,,,
2025-12-08 09:15:03,4.16,8,26,,,
2025-12-08 09:30:03,4.82,8,26,,,
2025-12-08 09:45:03,4.98,8,26,,,
2025-12-08 10:00:03,5.06,8,26.1,,,
2025-12-08 10:15:03,5.33,8.03,26.2,,,
2025-12-08 10:30:03,5.91,8.05,26.3,flyover_window,,
2025-12-08 10:45:03,6.46,8.09,26.4,,,
2025-12-08 11:00:03,7.24,8.15,26.6,,,
2025-12-08 11:15:03,8.68,8.24,26.9,,,
2025-12-08 11:30:03,9.82,8.32,27.1,,,
2025-12-08 11:45:03,10.65,8.39,27.5,,DO_>10_before_noon,
2025-12-08 12:00:03,10.62,8.39,27.5,,,
2025-12-08 12:15:03,10.86,8.39,27.5,,,
2025-12-08 12:30:03,10.84,8.41,27.6,,,
2025-12-08 12:45:03,11.26,8.39,27.6,,,
2025-12-08 13:00:03,11.25,8.39,27.7,,,
2025-12-08 13:15:03,11.19,8.39,27.8,,,
2025-12-08 13:30:03,10.8,8.37,27.8,,,
2025-12-08 13:45:03,10.4,8.34,27.6,,,
2025-12-08 14:00:03,11.68,8.41,27.7,,,
2025-12-08 14:15:03,12.37,8.43,27.7,,,
2025-12-08 14:30:03,13.78,8.53,28.1,,,
2025-12-08 14:45:03,13.09,8.51,28.1,,,
2025-12-08 15:00:03,13,8.5,28.1,,,
2025-12-08 15:15:03,13.16,8.51,28.1,,,
2025-12-08 15:30:03,14.17,8.57,28.1,,,
2025-12-08 15:45:03,15.04,8.57,28.1,,,
2025-12-08 16:00:03,14.88,8.58,28,,,
2025-12-08 16:15:03,15.43,8.58,28,,,
2025-12-08 16:30:03,15.87,8.59,27.9,,,
2025-12-08 16:45:03,15.62,8.57,27.9,,,
2025-12-08 17:00:03,15.51,8.58,27.8,,,
2025-12-08 17:15:03,14.69,8.56,27.7,,,
2025-12-08 17:30:03,14.52,8.54,27.7,,,
2025-12-08 17:45:03,14.02,8.52,27.6,,,
2025-12-08 18:00:03,13.78,8.51,27.5,,,
2025-12-08 18:15:03,14.5,8.53,27.5,,,
2025-12-08 18:30:03,13.98,8.53,27.4,,,
2025-12-08 18:45:03,13.47,8.51,27.4,,,
2025-12-08 19:00:03,13.33,8.49,27.3,,,
2025-12-08 19:15:03,13.11,8.49,27.2,,,
2025-12-08 19:30:03,13.04,8.47,27.2,,,
2025-12-08 19:45:03,12.68,8.45,27.2,,,
2025-12-08 20:00:03,12.45,8.45,27.1,,,
2025-12-08 20:15:03,12.04,8.42,27,,,
2025-12-08 20:30:03,11.37,8.4,27,,,
2025-12-08 20:45:03,11.67,8.4,26.9,,,
2025-12-08 21:00:03,11.72,8.41,26.9,,,
2025-12-08 21:15:03,10.95,8.37,26.8,,,
2025-12-08 21:30:03,10.32,8.33,26.8,,,
2025-12-08 21:45:03,9.92,8.3,26.7,,,
2025-12-08 22:00:03,9.51,8.28,26.6,,,
2025-12-08 22:15:03,9.39,8.27,26.6,,,
2025-12-08 22:30:03,9.1,8.26,26.6,,,
2025-12-08 22:45:03,8.85,8.25,26.5,,,
2025-12-08 23:00:03,8.99,8.25,26.5,,,
2025-12-08 23:15:03,8.43,8.23,26.4,,,
2025-12-08 23:30:03,8.42,8.23,26.4,,,
2025-12-08 23:45:03,7.91,8.19,26.4,,,
2025-12-09 00:00:03,6.95,8.13,26.3,,,
2025-12-09 00:15:03,6.42,8.09,26.2,,,
2025-12-09 00:30:03,6.14,8.07,26.2,,,
2025-12-09 00:45:03,5.18,8.03,26.2,,,
2025-12-09 01:00:03,4.9,8.01,26.2,,,
2025-12-09 01:15:03,4.77,7.99,26.1,,,
2025-12-09 01:30:03,3.48,7.98,26.1,,,
2025-12-09 01:45:03,3.6,7.95,26.1,,,
2025-12-09 02:00:03,3.69,7.93,26.1,,,
2025-12-09 02:15:03,3.43,7.91,26,,,
2025-12-09 02:30:03,3.63,7.92,26,,,
2025-12-09 02:45:03,3.55,7.9,26,,,
2025-12-09 03:00:03,3.49,7.9,26,,,
2025-12-09 03:15:03,3.45,7.9,26,,,
2025-12-09 03:30:03,3.45,7.9,25.9,,,
2025-12-09 03:45:03,3.43,7.9,25.9,,,
2025-12-09 04:00:03,3.39,7.9,25.9,,,
2025-12-09 04:15:03,3.45,7.9,25.9,,,
2025-12-09 04:30:03,3.46,7.9,25.9,,,
2025-12-09 04:45:03,3.24,7.88,25.9,,,
2025-12-09 05:00:03,3.2,7.88,25.8,,,
2025-12-09 05:15:03,3.17,7.88,25.8,,,
2025-12-09 05:30:03,2.95,7.88,25.8,,,
2025-12-09 05:45:03,2.91,7.88,25.7,,,
2025-12-09 06:00:03,2.87,7.88,25.7,,,
2025-12-09 06:15:03,2.79,7.86,25.7,,,
2025-12-09 06:30:03,2.68,7.86,25.7,,,
2025-12-09 06:45:03,2.6,7.85,25.6,,,
2025-12-09 07:00:03,2.18,7.85,25.6,,,
2025-12-09 07:15:03,2.22,7.85,25.6,,,
2025-12-09 07:30:03,2.32,7.87,25.6,,,
2025-12-09 07:45:03,2.69,7.87,25.6,,,
2025-12-09 08:00:03,2.86,7.9,25.6,,,
2025-12-09 08:15:03,3.54,7.92,25.7,,,
2025-12-09 08:30:03,3.77,7.94,25.7,,,
2025-12-09 08:45:03,4.08,7.95,25.7,,,
2025-12-09 09:00:03,4.54,7.99,25.8,,,
2025-12-09 09:15:03,4.45,7.99,25.9,,,
2025-12-09 09:30:03,4.58,7.98,26,,,
2025-12-09 09:45:03,4.4,7.98,26,,,
2025-12-09 10:00:03,4.2,7.96,26.1,,,
2025-12-09 10:15:03,4.21,8.02,26.4,,DO_jump_>2,
2025-12-09 10:30:03,6.37,8.12,26.5,flyover_window,DO_jump_>2,
2025-12-09 10:45:04,7.87,8.2,26.7,,,
2025-12-09 11:00:04,8.94,8.24,26.7,,,
2025-12-09 11:15:04,9.38,8.28,26.8,,,
2025-12-09 11:30:04,9.92,8.29,26.9,,,
2025-12-09 11:45:04,10.34,8.35,27.2,,DO_>10_before_noon,
2025-12-09 12:00:04,11.06,8.42,27.6,,,
2025-12-09 12:15:04,11.65,8.44,27.7,,,
2025-12-09 12:30:04,12.8,8.47,27.9,,,
2025-12-09 12:45:04,12.86,8.48,28,,,
2025-12-09 13:00:04,13.3,8.48,27.9,,,
2025-12-09 13:15:04,13.2,8.46,27.9,,,
2025-12-09 13:30:04,13.92,8.5,27.9,,,
2025-12-09 13:45:04,14.21,8.5,27.9,,,
2025-12-09 14:00:04,14.38,8.5,27.9,,,
2025-12-09 14:15:04,14.54,8.52,27.9,,,
2025-12-09 14:30:04,13.6,8.48,28.1,,,
2025-12-09 14:45:04,14.16,8.49,28.1,,,
2025-12-09 15:00:04,13.51,8.51,28.1,,,
2025-12-09 15:15:04,14.28,8.51,28.1,,,
2025-12-09 15:30:04,14.15,8.51,28,,,
2025-12-09 15:45:04,14.6,8.53,27.9,,,
2025-12-09 16:00:04,13.51,8.51,27.9,,,
2025-12-09 16:15:04,14.6,8.51,27.8,,,
2025-12-09 16:30:04,14.38,8.51,27.7,,,
2025-12-09 16:45:03,14.13,8.49,27.7,,,
2025-12-09 17:00:03,14.33,8.49,27.6,,,
2025-12-09 17:15:03,14.12,8.48,27.5,,,
2025-12-09 17:30:03,13.95,8.49,27.4,,,
2025-12-09 17:45:03,13.81,8.47,27.4,,,
2025-12-09 18:00:03,13.48,8.46,27.3,,,
2025-12-09 18:15:03,13.12,8.46,27.2,,,
2025-12-09 18:30:03,12.73,8.44,27.2,,,
2025-12-09 18:45:03,12.14,8.42,27.2,,,
2025-12-09 19:00:03,11.63,8.4,27.1,,,
2025-12-09 19:15:03,11.32,8.39,27.1,,,
2025-12-09 19:30:03,11.04,8.35,27,,,
2025-12-09 19:45:04,10.63,8.33,26.9,,,
2025-12-09 20:00:04,10.57,8.32,26.9,,,
2025-12-09 20:15:04,10.27,8.3,26.9,,,
2025-12-09 20:30:04,10.12,8.28,26.8,,,
2025-12-09 20:45:04,10.04,8.29,26.7,,,
2025-12-09 21:00:04,9.79,8.29,26.7,,,
2025-12-09 21:15:04,10.07,8.29,26.6,,,
2025-12-09 21:30:04,9.93,8.29,26.6,,,
2025-12-09 21:45:04,9.58,8.27,26.5,,,
2025-12-09 22:00:04,9.32,8.24,26.4,,,
2025-12-09 22:15:04,8.75,8.2,26.4,,,
2025-12-09 22:30:04,8.4,8.18,26.4,,,
2025-12-09 22:45:04,8.12,8.17,26.3,,,
2025-12-09 23:00:04,8.02,8.17,26.3,,,
2025-12-09 23:15:04,7.4,8.13,26.3,,,
2025-12-09 23:30:04,7.82,8.15,26.2,,,
2025-12-09 23:45:04,7.57,8.13,26.2,,,
2025-12-10 00:00:04,6.82,8.09,26.2,,,
2025-12-10 00:15:04,6.14,8.06,26.1,,,
2025-12-10 00:30:04,6.15,8.06,26.1,time_gap_>20min,,
2025-12-10 01:00:04,5.14,7.98,26,time_gap_>20min,,
2025-12-10 01:15:04,4.81,7.96,26,,,
2025-12-10 01:30:04,4.37,7.91,26,,,
2025-12-10 01:45:04,4.39,7.93,26,,,
2025-12-10 02:00:04,4.78,7.95,26,,,
2025-12-10 02:15:04,4.71,7.95,25.9,,,
2025-12-10 02:30:04,4.98,7.96,25.9,,,
2025-12-10 02:45:04,4.29,7.9,25.9,,,
2025-12-10 03:00:04,4.41,7.92,25.9,,,
2025-12-10 03:15:04,4.58,7.94,25.9,,,
2025-12-10 03:30:04,4.27,7.92,25.8,,,
2025-12-10 03:45:04,4.15,7.91,25.8,,,
2025-12-10 04:00:04,4.12,7.91,25.8,,,
2025-12-10 04:15:04,4,7.91,25.8,,,
2025-12-10 04:30:04,3.88,7.89,25.7,,,
2025-12-10 04:45:04,3.82,7.9,25.7,,,
2025-12-10 05:00:04,3.67,7.88,25.7,,,
2025-12-10 05:15:04,3.6,7.9,25.7,,,
2025-12-10 05:30:04,3.08,7.87,25.7,,,
2025-12-10 05:45:04,3.01,7.87,25.6,,,
2025-12-10 06:00:04,3.36,7.87,25.6,,,
2025-12-10 06:15:04,3.19,7.87,25.6,,,
2025-12-10 06:30:04,3.13,7.87,25.6,,,
2025-12-10 06:45:04,3.01,7.86,25.6,,,
2025-12-10 07:00:04,3.07,7.86,25.5,,,
2025-12-10 07:15:04,3.06,7.85,25.5,,,
2025-12-10 07:30:04,3.29,7.96,25.4,,,
2025-12-10 07:45:04,3.37,7.89,25.5,,,
2025-12-10 08:00:04,3.5,7.91,25.5,,,
2025-12-10 08:15:04,3.9,7.91,25.6,,,
2025-12-10 08:30:04,4.1,7.92,25.6,,,
2025-12-10 08:45:04,4.33,7.94,25.7,,,
2025-12-10 09:00:04,4.13,7.92,25.7,,,
2025-12-10 09:15:04,4.28,7.94,25.8,,,
2025-12-10 09:30:04,4.59,7.96,25.8,,,
2025-12-10 09:45:04,5.05,7.98,25.8,,,
2025-12-10 10:00:04,5.32,8,25.9,,,
2025-12-10 10:15:04,5.82,8.04,25.9,,,
2025-12-10 10:30:04,6.2,8.06,26,flyover_window,,
2025-12-10 10:45:04,6.67,8.08,26.1,,,
2025-12-10 11:00:04,6.85,8.1,26.2,,,
2025-12-10 11:15:04,7.67,8.12,26.3,,,
2025-12-10 11:30:04,7.41,8.12,26.3,,,
2025-12-10 11:45:04,7.8,8.14,26.4,,,
2025-12-10 12:00:04,8.61,8.19,26.5,,,
2025-12-10 12:15:04,8.59,8.19,26.7,,,
2025-12-10 12:30:04,8.66,8.21,26.7,,,
2025-12-10 12:45:04,8.71,8.21,26.7,,,
2025-12-10 13:00:04,9.55,8.25,26.8,,,
2025-12-10 13:15:04,9.85,8.27,26.9,,,
2025-12-10 13:30:04,10.17,8.29,26.9,,,
2025-12-10 13:45:04,11.46,8.38,27,,,
2025-12-10 14:00:04,12.18,8.4,27.1,,,
2025-12-10 14:15:04,11.68,8.44,27.3,,,
2025-12-10 14:30:04,12.55,8.44,27.2,,,
2025-12-10 14:45:04,12.92,8.46,27.2,,,
2025-12-10 15:00:04,13.57,8.48,27.2,,,
2025-12-10 15:15:04,14.16,8.5,27.3,,,
2025-12-10 15:30:04,14.35,8.53,27.3,,,
2025-12-10 15:45:04,14.75,8.54,27.3,,,
2025-12-10 16:00:04,14.84,8.52,27.3,,,
2025-12-10 16:15:04,14.45,8.52,27.2,,,
2025-12-10 16:30:04,14.89,8.53,27.2,,,
2025-12-10 16:45:04,14.78,8.52,27.2,,,
2025-12-10 17:00:04,14.31,8.52,27.1,,,
2025-12-10 17:15:04,14.31,8.52,27,,,
2025-12-10 17:30:04,13.54,8.48,27,,,
2025-12-10 17:45:04,12.67,8.44,26.9,,,
2025-12-10 18:00:04,12.45,8.43,26.9,,,
2025-12-10 18:15:04,12.4,8.43,26.8,time_gap_>20min,,
2025-12-10 19:45:04,10.83,8.34,26.5,time_gap_>20min,,
2025-12-10 20:00:04,10.4,8.33,26.4,time_gap_>20min,,
2025-12-10 21:45:04,8.02,8.18,26.2,time_gap_>20min,,
2025-12-10 22:45:04,6.89,8.12,26,time_gap_>20min,,
2025-12-10 23:00:04,6.66,8.1,26,,,
2025-12-10 23:15:04,6.5,8.08,26,,,
2025-12-10 23:30:04,5.88,8.05,25.9,,,
2025-12-10 23:45:04,4.88,8.03,25.9,,,
2025-12-11 00:00:04,4.89,7.99,25.9,,,
2025-12-11 00:15:04,4.01,8.01,25.9,,,
2025-12-11 00:30:04,4.62,8.02,25.9,,,
2025-12-11 00:45:04,4.89,8.02,25.8,,,
2025-12-11 01:00:04,5.39,8.01,25.8,,,
2025-12-11 01:15:04,5.23,8.01,25.7,,,
2025-12-11 01:30:04,5.06,7.99,25.7,,,
2025-12-11 01:45:04,4.57,7.99,25.7,,,
2025-12-11 02:00:04,4.43,7.97,25.7,,,
2025-12-11 02:15:04,4.4,7.97,25.7,,,
2025-12-11 02:30:04,4.44,7.97,25.7,,,
2025-12-11 02:45:04,4.33,7.95,25.7,,,
2025-12-11 03:00:04,4.19,7.95,25.7,,,
2025-12-11 03:15:04,4.18,7.93,25.6,,,
2025-12-11 03:30:04,3.98,7.93,25.6,,,
2025-12-11 03:45:04,4.08,7.93,25.6,,,
2025-12-11 04:00:04,3.61,7.92,25.6,,,
2025-12-11 04:15:04,3.47,7.9,25.6,,,
2025-12-11 04:30:04,3.4,7.9,25.6,,,
2025-12-11 04:45:04,3.38,7.89,25.5,,,
2025-12-11 05:00:04,3.32,7.89,25.5,,,
2025-12-11 05:15:04,3.16,7.89,25.5,,,
2025-12-11 05:30:04,3.12,7.87,25.5,,,
2025-12-11 05:45:04,2.91,7.87,25.5,,,
2025-12-11 06:00:04,3.03,7.87,25.4,,,
2025-12-11 06:15:04,2.76,7.85,25.4,,,
2025-12-11 06:30:04,1.87,7.87,25.4,,,
2025-12-11 06:45:04,2.2,7.88,25.3,,,
2025-12-11 07:00:04,2.36,7.86,25.4,,,
2025-12-11 07:15:04,2.28,7.86,25.4,,,
2025-12-11 07:30:04,2.47,7.86,25.3,,,
2025-12-11 07:45:04,2.8,7.88,25.3,,,
2025-12-11 08:00:04,2.95,7.88,25.3,,,
2025-12-11 08:15:04,3.42,7.94,25.4,,,
2025-12-11 08:30:04,3.94,7.92,25.4,,,
2025-12-11 08:45:04,4.27,7.94,25.4,,,
2025-12-11 09:00:04,4.14,7.93,25.5,,,
2025-12-11 09:15:04,4.02,7.94,25.6,,,
2025-12-11 09:30:04,5.17,8,25.6,,,
2025-12-11 09:45:04,5.08,7.99,25.7,,,
2025-12-11 10:00:04,5,7.98,25.7,,,
2025-12-11 10:15:04,4.89,7.96,25.7,,,
2025-12-11 10:30:04,4.84,7.96,25.7,flyover_window,,
2025-12-11 10:45:04,5.39,8,25.8,,,
2025-12-11 11:00:04,5.88,8.03,25.9,,,
2025-12-11 11:15:04,6.56,8.07,26,,,
2025-12-11 11:30:04,7.89,8.15,26.2,,,
2025-12-11 11:45:04,8.17,8.17,26.2,,,
2025-12-11 12:00:04,8.43,8.18,26.2,,,
2025-12-11 12:15:04,9.14,8.22,26.4,,,
2025-12-11 12:30:04,9.58,8.24,26.4,,,
2025-12-11 12:45:04,9.44,8.24,26.5,,,
2025-12-11 13:00:04,10.46,8.28,26.6,,,
2025-12-11 13:15:04,9.01,8.36,26.8,,,
2025-12-11 13:30:04,10.25,8.38,26.9,,,
2025-12-11 13:45:04,11.82,8.4,27,,,
2025-12-11 14:00:04,11.84,8.38,27,,,
2025-12-11 14:15:04,11.56,8.37,27,,,
2025-12-11 14:30:04,12.19,8.4,27,,,
2025-12-11 14:45:04,12.53,8.41,27,,,
2025-12-11 15:00:04,12.75,8.42,27.1,,,
2025-12-11 15:15:04,13.26,8.44,27.1,,,
2025-12-11 15:30:04,13.73,8.45,27.1,,,
2025-12-11 15:45:04,13.13,8.45,27,,,
2025-12-11 16:00:04,13.91,8.49,27,,,
2025-12-11 16:15:04,14.58,8.5,27.1,,,
2025-12-11 16:30:04,14.17,8.5,27.2,,,
2025-12-11 16:45:04,13.51,8.45,27.2,,,
2025-12-11 17:00:04,13.32,8.47,27.1,,,
2025-12-11 17:15:04,13.31,8.45,27,,,
2025-12-11 17:30:04,12.39,8.41,26.9,,,
2025-12-11 17:45:04,12.23,8.41,26.8,,,
2025-12-11 18:00:04,11.62,8.39,26.7,,,
2025-12-11 18:15:04,11.39,8.37,26.7,,,
2025-12-11 18:30:04,11.19,8.36,26.6,,,
2025-12-11 18:45:04,10.9,8.34,26.6,,,
2025-12-11 19:00:04,11.09,8.34,26.5,,,
2025-12-11 19:15:04,10.92,8.33,26.5,,,
2025-12-11 19:30:04,10.73,8.32,26.4,,,
2025-12-11 19:45:04,10.1,8.28,26.4,,,
2025-12-11 20:00:04,9.88,8.26,26.3,,,
2025-12-11 20:15:04,9.52,8.26,26.3,,,
2025-12-11 20:30:04,9.57,8.26,26.2,,,
2025-12-11 20:45:04,9.27,8.23,26.1,,,
2025-12-11 21:00:04,8.99,8.21,26.1,,,
2025-12-11 21:15:04,8.68,8.21,26,,,
2025-12-11 21:30:04,8.33,8.19,26,,,
2025-12-11 21:45:04,8.4,8.18,25.9,,,
2025-12-11 22:00:04,8.07,8.16,25.9,,,
2025-12-11 22:15:04,8.05,8.15,25.8,,,
2025-12-11 22:30:04,7.87,8.15,25.8,,,
2025-12-11 22:45:05,7.15,8.1,25.8,,,
2025-12-11 23:00:04,7.21,8.12,25.7,,,
2025-12-11 23:15:04,6.53,8.08,25.7,,,
2025-12-11 23:30:04,6.81,8.1,25.7,,,
2025-12-11 23:45:05,5.92,8.03,25.7,,,
2025-12-12 00:00:05,5.96,8.03,25.7,,,
2025-12-12 00:15:04,6.13,8.05,25.6,,,
2025-12-12 00:30:04,6.22,8.05,25.7,,,
2025-12-12 00:45:04,6.21,8.05,25.6,,,
2025-12-12 01:00:04,6.09,8.03,25.6,,,
2025-12-12 01:15:05,5.71,8.03,25.6,,,
2025-12-12 01:30:05,5.56,8.02,25.6,,,
2025-12-12 01:45:04,3.82,8.01,25.6,,,
2025-12-12 02:00:05,4.23,8,25.5,,,
2025-12-12 02:15:04,4.41,8,25.5,,,
2025-12-12 02:30:04,4.86,7.98,25.5,,,
2025-12-12 02:45:05,3.57,7.99,25.5,,,
2025-12-12 03:00:05,3.88,7.97,25.4,,,
2025-12-12 03:15:04,4.25,7.95,25.4,,,
2025-12-12 03:30:05,4.2,7.95,25.4,,,
2025-12-12 03:45:04,4.38,7.95,25.4,,,
2025-12-12 04:00:05,4.41,7.95,25.4,,,
2025-12-12 04:15:04,4.34,7.93,25.4,,,
2025-12-12 04:30:04,4.22,7.91,25.3,,,
2025-12-12 04:45:04,4.1,7.91,25.4,,,
2025-12-12 05:00:04,3.83,7.91,25.3,,,
2025-12-12 05:15:04,3.89,7.9,25.3,,,
2025-12-12 05:30:04,3.77,7.9,25.3,,,
2025-12-12 05:45:04,3.83,7.9,25.2,,,
2025-12-12 06:00:04,3.63,7.88,25.2,,,
2025-12-12 06:15:04,3.36,7.88,25.2,,,
2025-12-12 06:30:04,3.34,7.88,25.2,,,
2025-12-12 06:45:04,2.85,7.85,25.2,,,
2025-12-12 07:00:04,2.31,7.83,25.2,,,
2025-12-12 07:15:04,2.36,7.83,25.2,,,
2025-12-12 07:30:04,2.26,7.83,25.2,,,
2025-12-12 07:45:05,2.25,7.83,25.2,,,
2025-12-12 08:00:05,2.1,7.82,25.2,,,
2025-12-12 08:15:05,2.18,7.8,25.2,,,
2025-12-12 08:30:05,2.37,7.82,25.2,,,
2025-12-12 08:45:04,2.64,7.84,25.2,,,
2025-12-12 09:00:05,2.94,7.86,25.2,,,
2025-12-12 09:15:04,3.54,7.9,25.3,,,
2025-12-12 09:30:05,4.67,7.96,25.4,,,
2025-12-12 09:45:05,4.84,7.96,25.4,,,
2025-12-12 10:00:05,5.79,8.02,25.5,,,
2025-12-12 10:15:05,6.31,8.06,25.6,,,
2025-12-12 10:30:05,6.45,8.07,25.6,flyover_window,,
2025-12-12 10:45:04,6.77,8.08,25.7,,,
2025-12-12 11:00:05,6.98,8.08,25.8,,,
2025-12-12 11:15:05,7.41,8.12,25.8,,,
2025-12-12 11:30:05,7.69,8.14,25.9,,,
2025-12-12 11:45:05,7.32,8.1,25.9,,,
2025-12-12 12:00:05,7.93,8.14,26,,,
2025-12-12 12:15:05,8.89,8.2,26.2,,,
2025-12-12 12:30:05,10.04,8.26,26.4,,,
2025-12-12 12:45:05,10.89,8.32,26.6,,,
2025-12-12 13:00:05,11.16,8.34,26.7,,,
2025-12-12 13:15:05,11.4,8.36,26.7,,,
2025-12-12 13:30:05,11.98,8.38,26.8,,,
2025-12-12 13:45:05,12.54,8.4,26.9,,,
2025-12-12 14:00:05,14.08,8.47,27.2,,,
2025-12-12 14:15:05,14.09,8.48,27.2,,,
2025-12-12 14:30:05,14.21,8.48,27.2,,,
2025-12-12 14:45:05,12.29,8.46,27.1,,,
2025-12-12 15:00:05,13.84,8.47,27.2,,,
2025-12-12 15:15:05,13.97,8.49,27.3,,,
2025-12-12 15:30:05,14.24,8.49,27.2,,,
2025-12-12 15:45:05,13.91,8.47,27.2,,,
2025-12-12 16:00:05,13.4,8.46,27.1,,,
2025-12-12 16:15:05,12.3,8.41,27,,,
2025-12-12 16:30:05,12.87,8.45,27,,,
2025-12-12 16:45:05,13.42,8.45,26.9,,,
2025-12-12 17:00:05,13.26,8.45,26.9,,,
2025-12-12 17:15:05,12.76,8.42,26.8,,,
2025-12-12 17:30:05,12.95,8.43,26.7,,,
2025-12-12 17:45:05,12.55,8.41,26.7,,,
2025-12-12 18:00:05,12.51,8.41,26.6,,,
2025-12-12 18:15:05,12.26,8.41,26.6,,,
2025-12-12 18:30:05,11.97,8.39,26.5,,,
2025-12-12 18:45:05,11.73,8.38,26.5,,,
2025-12-12 19:00:05,11.53,8.36,26.4,,,
2025-12-12 19:15:05,11.11,8.32,26.3,,,
2025-12-12 19:30:05,10.78,8.29,26.3,,,
2025-12-12 19:45:05,10.9,8.31,26.2,,,
2025-12-12 20:00:05,10.54,8.29,26.2,,,
2025-12-12 20:15:05,10.35,8.27,26.2,,,
2025-12-12 20:30:05,9.63,8.27,26.2,,,
2025-12-12 20:45:05,9.7,8.27,26.1,,,
2025-12-12 21:00:05,9.78,8.27,26.1,,,
2025-12-12 21:15:05,9.48,8.26,26,,,
2025-12-12 21:30:05,9.54,8.24,26,,,
2025-12-12 21:45:05,8.72,8.22,25.9,,,
2025-12-12 22:00:05,8.87,8.21,25.9,,,
2025-12-12 22:15:05,8.29,8.17,25.9,,,
2025-12-12 22:30:05,7.99,8.17,25.8,,,
2025-12-12 22:45:05,7.48,8.13,25.8,,,
2025-12-12 23:00:05,7.51,8.13,25.7,,,
2025-12-12 23:15:05,6.99,8.09,25.7,,,
2025-12-12 23:30:05,7.15,8.11,25.7,,,
2025-12-12 23:45:05,6.9,8.09,25.6,,,
2025-12-13 00:00:05,6.72,8.09,25.6,,,
2025-12-13 00:15:05,6.34,8.04,25.6,,,
2025-12-13 00:30:05,4.57,8.04,25.5,,,
2025-12-13 00:45:05,2.68,8,25.5,,,
2025-12-13 01:00:05,3.39,7.96,25.5,,,
2025-12-13 01:15:05,3.72,7.98,25.5,,,
2025-12-13 01:30:05,4.05,7.94,25.5,,,
2025-12-13 01:45:05,4.16,7.94,25.4,,,
2025-12-13 02:00:05,4.31,7.92,25.4,,,
2025-12-13 02:15:05,4.31,7.92,25.4,,,
2025-12-13 02:30:05,4.26,7.9,25.4,,,
2025-12-13 02:45:05,4.44,7.92,25.4,,,
2025-12-13 03:00:05,4.3,7.9,25.4,,,
2025-12-13 03:15:05,4.25,7.88,25.4,,,
2025-12-13 03:30:05,4.19,7.89,25.3,,,
2025-12-13 03:45:05,3.99,7.89,25.3,,,
2025-12-13 04:00:05,3.96,7.89,25.3,,,
2025-12-13 04:15:05,3.76,7.89,25.3,,,
2025-12-13 04:30:05,3.77,7.88,25.2,,,
2025-12-13 04:45:05,3.63,7.86,25.2,,,
2025-12-13 05:00:05,3.43,7.86,25.2,,,
2025-12-13 05:15:05,3.31,7.86,25.2,,,
2025-12-13 05:30:05,3.29,7.86,25.2,,,
2025-12-13 05:45:05,3.22,7.86,25.2,,,
2025-12-13 06:00:05,2.94,7.84,25.2,,,
2025-12-13 06:15:05,2.93,7.83,25.1,,,
2025-12-13 06:30:05,2.72,7.83,25.1,,,
2025-12-13 06:45:05,0.92,7.83,25.1,,,
2025-12-13 07:00:05,1.36,7.83,25.1,,,
2025-12-13 07:15:05,2.06,7.81,25.1,,,
2025-12-13 07:30:05,2.31,7.81,25.1,,,
2025-12-13 07:45:05,2.22,7.81,25.1,,,
2025-12-13 08:00:05,2.07,7.81,25.1,,,
2025-12-13 08:15:05,2.02,7.8,25.1,,,
2025-12-13 08:30:05,2.42,7.82,25.2,,,
2025-12-13 08:45:05,2.78,7.85,25.2,,,
2025-12-13 09:00:05,2.59,7.85,25.2,,,
2025-12-13 09:15:05,2.84,7.85,25.2,,,
2025-12-13 09:30:05,3.61,7.91,25.3,,,
2025-12-13 09:45:05,4.6,7.95,25.4,,,
2025-12-13 10:00:05,5.2,8.01,25.5,,,
2025-12-13 10:15:05,5.63,8.05,25.6,,,
2025-12-13 10:30:05,6.05,8.06,25.9,flyover_window,,
2025-12-13 10:45:05,7.18,8.12,26,,,
2025-12-13 11:00:05,8.69,8.2,26.2,,,
2025-12-13 11:15:05,9.47,8.26,26.3,,,
2025-12-13 11:30:05,9.03,8.26,26.3,,,
2025-12-13 11:45:05,9.92,8.28,26.3,,,
2025-12-13 12:00:05,10.19,8.29,26.4,,,
2025-12-13 12:15:05,10.41,8.32,26.5,,,
2025-12-13 12:30:05,11.42,8.38,26.7,,,
2025-12-13 12:45:05,11.93,8.42,27.1,,,
2025-12-13 13:00:05,12.14,8.43,27.4,,,
2025-12-13 13:15:05,12.8,8.45,27.5,,DO_jump_>2,
2025-12-13 13:30:05,4.14,8.47,27.4,,DO_jump_>2,
2025-12-13 13:45:05,13.46,8.47,27.3,,DO_jump_>2,
2025-12-13 14:00:05,13.99,8.47,27.4,time_gap_>20min,,
2025-12-13 14:45:05,14.48,8.51,27.6,time_gap_>20min,,
2025-12-13 15:00:05,14.71,8.51,27.6,,,
2025-12-13 15:15:05,15.06,8.51,27.6,,,
2025-12-13 15:30:05,15.01,8.53,27.6,,,
2025-12-13 15:45:05,15.54,8.55,27.5,,,
2025-12-13 16:00:05,14.69,8.55,27.4,,,
2025-12-13 16:15:05,14.94,8.52,27.5,,,
2025-12-13 16:30:05,15.1,8.52,27.4,,,
2025-12-13 16:45:05,14.85,8.52,27.3,,,
2025-12-13 17:00:05,14.67,8.52,27.2,,,
2025-12-13 17:15:05,14.37,8.52,27.2,,,
2025-12-13 17:30:05,14.24,8.5,27.1,,,
2025-12-13 17:45:05,14.02,8.48,27,,,
2025-12-13 18:00:05,13.77,8.48,27,,,
2025-12-13 18:15:05,14,8.48,26.9,,,
2025-12-13 18:30:05,12.92,8.44,26.8,,,
2025-12-13 18:45:05,12.27,8.41,26.7,,,
2025-12-13 19:00:05,12.18,8.4,26.7,,,
2025-12-13 19:15:05,11.49,8.38,26.6,,,
2025-12-13 19:30:05,11.56,8.36,26.5,,,
2025-12-13 19:45:05,11.12,8.34,26.4,,,
2025-12-13 20:00:05,10.85,8.32,26.4,,,
2025-12-13 20:15:05,10.63,8.31,26.4,,,
2025-12-13 20:30:05,10.57,8.32,26.3,,,
2025-12-13 20:45:05,10.54,8.34,26.3,,,
2025-12-13 21:00:05,10.5,8.32,26.2,,,
2025-12-13 21:15:05,9.89,8.28,26.2,,,
2025-12-13 21:30:05,9.83,8.28,26.1,,,
2025-12-13 21:45:05,9.53,8.25,26.1,,,
2025-12-13 22:00:05,9.11,8.23,26,,,
2025-12-13 22:15:05,8.91,8.23,26,,,
2025-12-13 22:30:05,8.7,8.21,25.9,,,
2025-12-13 22:45:05,8.64,8.21,25.9,,,
2025-12-13 23:00:05,8.61,8.2,25.8,,,
2025-12-13 23:15:05,8.41,8.18,25.8,,,
2025-12-13 23:30:05,8.01,8.17,25.8,,,
2025-12-13 23:45:05,7.9,8.17,25.7,,,
2025-12-14 00:00:05,7.74,8.16,25.7,,,
2025-12-14 00:15:05,7.45,8.14,25.7,,,
2025-12-14 00:30:05,7.24,8.1,25.7,,,
2025-12-14 00:45:05,6.91,8.1,25.6,,,
2025-12-14 01:00:05,6.55,8.08,25.6,,,
2025-12-14 01:15:05,6.25,8.06,25.6,,,
2025-12-14 01:30:05,5.7,8.04,25.6,,,
2025-12-14 01:45:05,5.87,8.02,25.5,,,
2025-12-14 02:00:05,5.17,7.98,25.5,,,
2025-12-14 02:15:05,5.28,7.98,25.4,,,
2025-12-14 02:30:05,4.95,7.96,25.4,,,
2025-12-14 02:45:05,4.53,7.92,25.4,,,
2025-12-14 03:00:05,4.48,7.94,25.4,,,
2025-12-14 03:15:05,4.03,7.9,25.4,,,
2025-12-14 03:30:05,4.08,7.91,25.3,,,
2025-12-14 03:45:05,3.99,7.91,25.3,,,
2025-12-14 04:00:05,4.12,7.91,25.3,,,
2025-12-14 04:15:05,4.24,7.9,25.3,,,
2025-12-14 04:30:05,4.05,7.9,25.3,,,
2025-12-14 04:45:05,4.1,7.9,25.2,,,
2025-12-14 05:00:05,4.27,7.92,25.2,,,
2025-12-14 05:15:05,4.05,7.89,25.2,,,
2025-12-14 05:30:05,4.51,7.92,25.2,,,
2025-12-14 05:45:05,4.76,7.95,25.2,,,
2025-12-14 06:00:05,4.69,7.95,25.1,,,
2025-12-14 06:15:05,4.62,7.93,25.1,,,
2025-12-14 06:30:05,4.32,7.91,25.1,,,
2025-12-14 06:45:05,4.25,7.91,25.1,,,
2025-12-14 07:00:05,4.11,7.91,25.1,,,
2025-12-14 07:15:05,3.94,7.9,25.1,,,
2025-12-14 07:30:05,4.15,7.9,25.1,,,
2025-12-14 07:45:05,4.29,7.9,25.1,,,
2025-12-14 08:00:05,4.31,7.92,25.1,,,
2025-12-14 08:15:05,4.23,7.9,25.1,,,
2025-12-14 08:30:05,3.82,7.88,25.1,,,
2025-12-14 08:45:05,3.73,7.89,25.2,,,
2025-12-14 09:00:05,4.04,7.91,25.2,,,
2025-12-14 09:15:05,4.47,7.95,25.2,,,
2025-12-14 09:30:05,4.75,7.97,25.3,,,
2025-12-14 09:45:05,4.98,7.97,25.4,,,
2025-12-14 10:00:05,5.23,7.99,25.4,,,
2025-12-14 10:15:05,5.48,8.01,25.5,,,
2025-12-14 10:30:05,5.77,8.03,25.6,flyover_window,,
2025-12-14 10:45:05,5.94,8.03,25.6,,,
2025-12-14 11:00:05,6.39,8.06,25.7,,,
2025-12-14 11:15:05,7.01,8.1,25.9,,,
2025-12-14 11:30:05,7.5,8.12,25.9,,,
2025-12-14 11:45:05,7.66,7.66,26,,,
2025-12-14 12:00:05,8.09,8.18,26,,,
2025-12-14 12:15:05,8.15,8.16,26.2,,,
2025-12-14 12:30:05,8.51,8.2,26.3,,,
2025-12-14 12:45:05,9.14,8.22,26.4,,,
2025-12-14 13:00:05,10.31,8.3,26.6,,DO_jump_>2,
2025-12-14 13:15:05,12.41,8.41,27,,DO_jump_>2,
2025-12-14 13:30:05,12.69,8.43,27,,,
2025-12-14 13:45:05,12.4,8.41,27,,,
2025-12-14 14:00:05,12.62,8.44,27,,,
2025-12-14 14:15:05,13.02,8.42,27,,,
2025-12-14 14:30:05,12.99,8.44,27,,,
2025-12-14 14:45:05,13.43,8.46,27.1,,,
2025-12-14 15:00:05,13.75,8.47,27.1,,,
2025-12-14 15:15:05,14.36,8.53,27.2,,,
2025-12-14 15:30:05,14.82,8.53,27.2,,,
2025-12-14 15:45:05,14.79,8.53,27.2,,,
2025-12-14 16:00:05,15.03,8.53,27.2,,,
2025-12-14 16:15:05,15.13,8.54,27.2,,,
2025-12-14 16:30:05,14.67,8.52,27.1,,,
2025-12-14 16:45:05,14.48,8.52,27.2,,,
2025-12-14 17:00:05,14.64,8.52,27.2,,,
2025-12-14 17:15:05,14.06,8.52,27.2,,,
2025-12-14 17:30:05,13.98,8.49,27.1,,,
2025-12-14 17:45:05,13.48,8.48,27,,,
2025-12-14 18:00:05,13.3,8.46,26.9,,,
2025-12-14 18:15:05,13.23,8.46,26.9,,,
2025-12-14 18:30:05,13.05,8.44,26.8,,,
2025-12-14 18:45:05,12.74,8.44,26.7,,,
2025-12-14 19:00:05,12.62,8.42,26.7,,,
2025-12-14 19:15:05,12.5,8.44,26.6,,,
2025-12-14 19:30:05,11.93,8.41,26.6,,,
2025-12-14 19:45:05,11.93,8.41,26.5,,,
2025-12-14 20:00:05,11.6,8.4,26.4,,,
2025-12-14 20:15:06,11.25,8.38,26.4,,,
2025-12-14 20:30:06,10.87,8.36,26.3,,,
2025-12-14 20:45:06,10.95,8.36,26.3,,,
2025-12-14 21:00:06,10.63,8.35,26.2,,,
2025-12-14 21:15:06,10.71,8.35,26.2,,,
2025-12-14 21:30:06,10.18,8.3,26.2,,,
2025-12-14 21:45:06,10.19,8.31,26.1,,,
2025-12-14 22:00:06,10.22,8.33,26.1,,,
2025-12-14 22:15:06,10.03,8.3,26.1,,,
2025-12-14 22:30:05,9.69,8.28,26,,,
2025-12-14 22:45:06,9.64,8.28,26,,,
2025-12-14 23:00:06,9.7,8.28,25.9,,,
2025-12-14 23:15:05,9.66,8.28,25.9,,,
2025-12-14 23:30:05,9.27,8.24,25.9,,,
2025-12-14 23:45:05,8.95,8.24,25.9,,,
2025-12-15 00:00:05,8.93,8.24,25.8,,,
2025-12-15 00:15:05,8.93,8.24,25.8,,,
2025-12-15 00:30:05,8.78,8.22,25.8,,,
2025-12-15 00:45:05,8.49,8.22,25.7,,,
2025-12-15 01:00:05,8.5,8.21,25.7,,,
2025-12-15 01:15:05,8.11,8.17,25.7,,,
2025-12-15 01:30:05,7.62,8.15,25.7,,DO_jump_>2,
2025-12-15 01:45:05,5.01,8.15,25.6,,DO_jump_>2,
2025-12-15 02:00:05,6.29,8.15,25.6,,,
2025-12-15 02:15:06,7.33,8.13,25.6,,DO_jump_>2,
2025-12-15 02:30:06,5.27,8.1,25.6,,DO_jump_>2,
2025-12-15 02:45:06,5.97,8.08,25.5,,,
2025-12-15 03:00:06,5.87,8.06,25.5,,,
2025-12-15 03:15:06,5.65,8.03,25.5,,,
2025-12-15 03:30:06,5.4,8.01,25.4,,,
2025-12-15 03:45:06,5.32,7.99,25.4,,,
2025-12-15 04:00:06,5.26,7.99,25.4,,,
2025-12-15 04:15:06,5.14,7.99,25.4,,,
2025-12-15 04:30:06,4.9,7.97,25.4,,,
2025-12-15 04:45:06,4.88,7.97,25.4,,,
2025-12-15 05:00:06,4.8,7.97,25.4,,,
2025-12-15 05:15:05,4.7,7.96,25.4,,,
2025-12-15 05:30:05,4.75,7.96,25.4,,,
2025-12-15 05:45:05,4.54,7.96,25.3,,,
2025-12-15 06:00:05,4.63,7.96,25.3,,,
2025-12-15 06:15:05,4.7,7.96,25.3,,,
2025-12-15 06:30:05,4.45,7.97,25.3,,,
2025-12-15 06:45:05,4.63,7.97,25.2,,DO_jump_>2,
2025-12-15 07:00:05,2.44,7.97,25.2,,DO_jump_>2,
2025-12-15 07:15:05,4.6,7.96,25.2,,DO_jump_>2,
2025-12-15 07:30:05,4.68,7.96,25.2,,,
2025-12-15 07:45:05,4.67,7.96,25.2,,,
2025-12-15 08:00:05,4.53,7.96,25.2,,,
2025-12-15 08:15:05,4.74,7.98,25.2,,,
2025-12-15 08:30:05,5.29,8.01,25.2,,,
2025-12-15 08:45:05,5.13,8.05,25.3,,,
2025-12-15 09:00:05,5.9,8.04,25.3,,,
2025-12-15 09:15:05,5.95,8.04,25.4,,,
2025-12-15 09:30:05,5.9,8.04,25.4,,,
2025-12-15 09:45:05,6.16,8.06,25.5,,,
2025-12-15 10:00:05,6.34,8.06,25.6,,,
2025-12-15 10:15:05,6.47,8.06,25.6,,,
2025-12-15 10:30:05,6.7,8.08,25.6,flyover_window,,
2025-12-15 10:45:05,6.93,8.08,25.6,,,
2025-12-15 11:00:05,7.11,8.09,25.7,,,
2025-12-15 11:15:05,7.53,8.11,25.8,,,
2025-12-15 11:30:06,7.98,8.15,25.8,,,
2025-12-15 11:45:06,7.88,8.15,25.9,,,
2025-12-15 12:00:06,8.34,8.17,26,,,
2025-12-15 12:15:06,9.19,8.23,26.1,,,
2025-12-15 12:30:06,9.79,8.27,26.2,,,
2025-12-15 12:45:06,11.12,8.34,26.4,,,
2025-12-15 13:00:06,10.74,8.33,26.4,,,
2025-12-15 13:15:06,10.75,8.33,26.5,,,
2025-12-15 13:30:06,11.11,8.35,26.5,,,
2025-12-15 13:45:06,11.18,8.35,26.6,,,
2025-12-15 14:00:06,11.82,8.39,26.7,,,
2025-12-15 14:15:06,11.6,8.39,26.7,,,
2025-12-15 14:30:06,11.84,8.39,26.7,,,
2025-12-15 14:45:06,12.17,8.41,26.8,,,
2025-12-15 15:00:06,11.99,8.41,26.7,,,
2025-12-15 15:15:06,12.77,8.43,26.8,,,
2025-12-15 15:30:06,13.23,8.45,26.8,,,
2025-12-15 15:45:06,13.01,8.47,26.9,,,
2025-12-15 16:00:06,13.79,8.5,26.9,,,
2025-12-15 16:15:06,14.37,8.52,26.9,,,
2025-12-15 16:30:06,14.3,8.52,26.9,,,
2025-12-15 16:45:06,13.61,8.51,26.8,,,
2025-12-15 17:00:06,14.24,8.51,26.8,,,
2025-12-15 17:15:06,14.16,8.51,26.7,,,
2025-12-15 17:30:06,13.71,8.51,26.7,,,
2025-12-15 17:45:06,13.59,8.5,26.6,,,
2025-12-15 18:00:06,13.12,8.46,26.5,,,
2025-12-15 18:15:06,12.99,8.47,26.5,,,
2025-12-15 18:30:06,12.5,8.44,26.5,,,
2025-12-15 18:45:06,12.28,8.44,26.4,,,
2025-12-15 19:00:06,11.75,8.42,26.4,,,
2025-12-15 19:15:06,11.6,8.4,26.3,,,
2025-12-15 19:30:06,11.29,8.4,26.3,,,
2025-12-15 19:45:06,11.01,8.38,26.3,,,
2025-12-15 20:00:06,10.93,8.38,26.2,,,
2025-12-15 20:15:06,10.85,8.38,26.2,,,
2025-12-15 20:30:06,10.54,8.36,26.1,,,
2025-12-15 20:45:06,10.27,8.34,26.1,,,
2025-12-15 21:00:06,9.7,8.3,26.1,,,
2025-12-15 21:15:06,9.33,8.29,26,,,
2025-12-15 21:30:06,9.55,8.29,26,,,
2025-12-15 21:45:06,9.5,8.29,26,,,
2025-12-15 22:00:06,9.24,8.27,26,,,
2025-12-15 22:15:06,8.96,8.27,25.9,,,
2025-12-15 22:30:06,8.69,8.25,25.9,,,
2025-12-15 22:45:06,8.42,8.23,25.9,,,
2025-12-15 23:00:06,7.94,8.21,25.9,,,
2025-12-15 23:15:06,7.49,8.19,25.8,,,
2025-12-15 23:30:06,7.12,8.16,25.8,,,
2025-12-15 23:45:06,6.91,8.15,25.7,,,
2025-12-16 00:00:06,6.61,8.13,25.7,,DO_jump_>2,
2025-12-16 00:15:06,2.57,8.1,25.7,,DO_jump_>2,
2025-12-16 00:30:06,2.62,8.08,25.7,,,
2025-12-16 00:45:06,3.62,8.08,25.7,,,
2025-12-16 01:00:06,3.76,8.02,25.6,,,
2025-12-16 01:15:06,4.1,8.02,25.6,,,
2025-12-16 01:30:06,4.22,7.99,25.6,,,
2025-12-16 01:45:06,4.17,7.97,25.6,,,
2025-12-16 02:00:06,4.13,7.97,25.6,,,
2025-12-16 02:15:06,4.11,7.97,25.6,,,
2025-12-16 02:30:06,4.03,7.95,25.6,,,
2025-12-16 02:45:06,4.17,7.95,25.5,,,
2025-12-16 03:00:06,4.04,7.95,25.5,,,
2025-12-16 03:15:06,3.92,7.95,25.5,,,
2025-12-16 03:30:06,3.91,7.94,25.5,,,
2025-12-16 03:45:06,3.86,7.94,25.5,,,
2025-12-16 04:00:06,3.84,7.94,25.4,,,
2025-12-16 04:15:06,3.74,7.94,25.4,,,
2025-12-16 04:30:06,3.57,7.94,25.4,,,
2025-12-16 04:45:06,3.53,7.93,25.4,,,
2025-12-16 05:00:06,3.54,7.93,25.4,,,
2025-12-16 05:15:06,3.62,7.95,25.4,,,
2025-12-16 05:30:06,3.48,7.93,25.4,,,
2025-12-16 05:45:06,3.26,7.92,25.4,,,
2025-12-16 06:00:06,3.08,7.9,25.4,,,
2025-12-16 06:15:06,3.12,7.92,25.3,,,
2025-12-16 06:30:06,3.34,7.92,25.3,,,
2025-12-16 06:45:06,3.42,7.92,25.3,,,
2025-12-16 07:00:06,3.45,7.92,25.3,,,
2025-12-16 07:15:06,3.46,7.93,25.2,,,
2025-12-16 07:30:06,3.42,7.93,25.2,,,
2025-12-16 07:45:06,3.36,7.91,25.2,,,
2025-12-16 08:00:06,3.34,7.92,25.2,,,
2025-12-16 08:15:06,3.44,7.92,25.2,,,
2025-12-16 08:30:06,3.58,7.94,25.2,,,
2025-12-16 08:45:06,3.83,7.95,25.3,,,
2025-12-16 09:00:06,4.1,7.96,25.3,,,
2025-12-16 09:15:06,4.7,8,25.3,,,
2025-12-16 09:30:06,5.33,8.02,25.3,,,
2025-12-16 09:45:06,5.68,8.04,25.3,,,
2025-12-16 10:00:06,5.99,8.05,25.4,,,
2025-12-16 10:15:06,6.02,8.05,25.4,,,
2025-12-16 10:30:06,6.08,8.05,25.5,flyover_window,,
2025-12-16 10:45:06,6.06,8.05,25.5,,,
2025-12-16 11:00:06,6.01,8.05,25.6,,,
2025-12-16 11:15:06,6.32,8.07,25.6,,,
2025-12-16 11:30:06,6.44,8.07,25.7,,,
2025-12-16 11:45:06,6.73,8.1,25.7,,,
2025-12-16 12:00:06,7.58,8.14,25.9,,,
2025-12-16 12:15:06,7.97,8.17,25.9,,,
2025-12-16 12:30:06,8.77,8.21,26,,,
2025-12-16 12:45:06,9.38,8.24,26.2,,,
2025-12-16 13:00:06,10.04,8.28,26.3,,,
2025-12-16 13:15:06,10.43,8.32,26.4,,,
2025-12-16 13:30:06,10.82,8.35,26.5,,,
2025-12-16 13:45:06,11.65,8.39,26.7,,,
2025-12-16 14:00:06,11.61,8.39,26.8,,,
2025-12-16 14:15:06,11.83,8.41,26.9,,,
2025-12-16 14:30:06,12.23,8.41,26.9,,,
2025-12-16 14:45:06,12.33,8.43,26.9,,,
2025-12-16 15:00:06,12.59,8.43,26.9,,,
2025-12-16 15:15:06,13.22,8.47,26.9,,,
2025-12-16 15:30:06,13.72,8.49,26.9,,,
2025-12-16 15:45:06,13.76,8.49,26.9,,,
2025-12-16 16:00:06,14.54,8.52,26.9,,,
2025-12-16 16:15:06,14.71,8.52,26.8,,,
2025-12-16 16:30:06,14.81,8.54,26.8,,,
2025-12-16 16:45:06,14.66,8.52,26.7,,,
2025-12-16 17:00:06,13.48,8.5,26.7,,,
2025-12-16 17:15:06,13.27,8.5,26.6,,,
2025-12-16 17:30:06,12.96,8.48,26.5,,,
2025-12-16 17:45:06,12.56,8.46,26.5,,,
2025-12-16 18:00:06,12.29,8.44,26.5,,,
2025-12-16 18:15:06,12.09,8.43,26.5,,,
2025-12-16 18:30:06,11.94,8.43,26.4,,,
2025-12-16 18:45:06,11.77,8.42,26.4,,,
2025-12-16 19:00:06,11.54,8.42,26.4,,DO_jump_>2,
2025-12-16 19:15:06,3.5,8.4,26.3,,DO_jump_>2,
2025-12-16 19:30:06,5.49,8.4,26.3,,,
2025-12-16 19:45:06,7.11,8.38,26.2,,DO_jump_>2,
2025-12-16 20:00:06,10.56,8.37,26.2,,DO_jump_>2,
2025-12-16 20:15:06,10.37,8.37,26.2,,,
2025-12-16 20:30:06,10.23,8.35,26.2,,,
2025-12-16 20:45:06,9.68,8.31,26.1,,,
2025-12-16 21:00:06,9.44,8.28,26.1,,,
2025-12-16 21:15:06,8.92,8.27,26.1,,,
2025-12-16 21:30:06,8.54,8.25,26,,,
2025-12-16 21:45:06,8.34,8.23,26,,,
2025-12-16 22:00:06,8.29,8.23,26,,,
2025-12-16 22:15:06,8.17,8.23,26,,,
2025-12-16 22:30:06,8.14,8.23,25.9,,,
2025-12-16 22:45:06,8.16,8.23,25.9,,,
2025-12-16 23:00:06,7.55,8.19,25.9,,,
2025-12-16 23:15:06,7.49,8.19,25.9,,,
2025-12-16 23:30:06,6.84,8.15,25.8,,,
2025-12-16 23:45:06,6.42,8.13,25.7,,,
2025-12-17 00:00:06,6.42,8.11,25.7,,,
2025-12-17 00:15:06,4.84,8.1,25.7,,,
2025-12-17 00:30:06,5.36,8.09,25.7,,,
2025-12-17 00:45:06,5.32,8.05,25.7,,,
2025-12-17 01:00:06,5.28,8.04,25.7,,,
2025-12-17 01:15:06,5.47,8.06,25.6,,,
2025-12-17 01:30:06,4.24,8.06,25.6,,,
2025-12-17 01:45:06,4.98,8.06,25.6,,,
2025-12-17 02:00:06,5.37,8.08,25.6,,,
2025-12-17 02:15:06,5.44,8.08,25.6,,,
2025-12-17 02:30:06,5.24,8.07,25.6,,,
2025-12-17 02:45:06,5.34,8.07,25.6,,,
2025-12-17 03:00:06,5.3,8.05,25.5,,,
2025-12-17 03:15:06,5.27,8.05,25.5,,,
2025-12-17 03:30:06,4.95,8.03,25.5,,,
2025-12-17 03:45:06,4.85,8.03,25.5,,,
2025-12-17 04:00:06,4.67,8.01,25.5,,,
2025-12-17 04:15:06,4.47,8.01,25.5,,,
2025-12-17 04:30:06,4.45,8,25.5,,,
2025-12-17 04:45:06,4.32,8,25.4,,,
2025-12-17 05:00:06,4.34,7.99,25.4,,,
2025-12-17 05:15:06,4.09,7.97,25.4,,,
2025-12-17 05:30:06,4.05,7.97,25.4,,,
2025-12-17 05:45:06,3.06,7.95,25.3,,,
2025-12-17 06:00:06,3.19,7.95,25.3,,,
2025-12-17 06:15:06,2.53,7.95,25.3,,,
2025-12-17 06:30:06,2.89,7.95,25.3,,,
2025-12-17 06:45:06,3.02,7.95,25.2,,,
2025-12-17 07:00:06,3.21,7.97,25.2,,,
2025-12-17 07:15:06,3.32,7.95,25.2,,,
2025-12-17 07:30:06,4.09,7.96,25.2,,,
2025-12-17 07:45:06,4.01,7.96,25.2,,,
2025-12-17 08:00:06,4.2,7.97,25.2,,,
2025-12-17 08:15:06,4.05,7.96,25.3,,,
2025-12-17 08:30:06,4.19,7.97,25.3,,,
2025-12-17 08:45:06,4.34,7.99,25.3,,,
2025-12-17 09:00:06,4,7.97,25.4,,,
2025-12-17 09:15:06,4.44,8,25.5,,,
2025-12-17 09:30:06,5.02,8.03,25.6,,,
2025-12-17 09:45:06,5.56,8.05,25.6,,,
2025-12-17 10:00:06,5.13,8.08,25.7,,,
2025-12-17 10:15:06,6,8.1,25.8,,,
2025-12-17 10:30:06,6.7,8.12,25.9,flyover_window,,
2025-12-17 10:45:06,7.09,8.14,25.9,,,
2025-12-17 11:00:06,7.75,8.18,26.1,,,
2025-12-17 11:15:06,8.34,8.21,26.2,time_gap_>20min,,
2025-12-17 12:45:06,10.39,8.41,27,time_gap_>20min,,
2025-12-17 13:00:06,11.79,8.47,27.3,,,
2025-12-17 13:15:06,13.2,8.51,27.4,,,
2025-12-17 13:30:06,13.61,8.51,27.4,,,
2025-12-17 13:45:06,13.81,8.53,27.5,,,
2025-12-17 14:00:06,14.7,8.53,27.5,,,
2025-12-17 14:15:06,15.1,8.54,27.6,,,
2025-12-17 14:30:06,15.28,8.56,27.7,,,
2025-12-17 14:45:07,15.56,8.57,27.7,,,
2025-12-17 15:00:06,15.23,8.57,27.8,,,
2025-12-17 15:15:07,15.45,8.6,28,,,
2025-12-17 15:30:06,15.82,8.61,27.9,,,
2025-12-17 15:45:07,16.17,8.62,27.9,,,
2025-12-17 16:00:07,16.57,8.63,28,,,
2025-12-17 16:15:06,16.57,8.63,27.9,time_gap_>20min,,
2025-12-17 17:30:07,15.86,8.61,27.5,time_gap_>20min,,
2025-12-17 17:45:06,15.44,8.6,27.5,,,
2025-12-17 18:00:07,14.61,8.58,27.4,,,
2025-12-17 18:15:07,14.72,8.57,27.3,,,
2025-12-17 18:30:07,14.27,8.55,27.2,,,
2025-12-17 18:45:07,14.3,8.55,27.1,,,
2025-12-17 19:00:07,13.91,8.54,27,,,
2025-12-17 19:15:07,13.46,8.52,27,,,
2025-12-17 19:30:07,13.58,8.54,26.9,,,
2025-12-17 19:45:07,13.31,8.52,26.9,,,
2025-12-17 20:00:07,13.04,8.51,26.9,,,
2025-12-17 20:15:07,12.52,8.49,26.8,,,
2025-12-17 20:30:07,12.08,8.46,26.7,,,
2025-12-17 20:45:07,11.81,8.44,26.7,,,
2025-12-17 21:00:07,11.64,8.44,26.6,,,
2025-12-17 21:15:07,11.67,8.44,26.5,,,
2025-12-17 21:30:07,11.27,8.42,26.5,,,
2025-12-17 21:45:07,11.04,8.42,26.5,,,
2025-12-17 22:00:07,11.13,8.42,26.4,,,
2025-12-17 22:15:07,10.88,8.4,26.4,,,
2025-12-17 22:30:07,10.86,8.4,26.4,,,
2025-12-17 22:45:07,10.77,8.4,26.3,,,
2025-12-17 23:00:07,10.32,8.38,26.3,,,
2025-12-17 23:15:07,10.03,8.37,26.2,,,
2025-12-17 23:30:07,9.78,8.36,26.2,,,
2025-12-17 23:45:07,9.62,8.36,26.2,,,
2025-12-18 00:00:07,9.45,8.33,26.1,time_gap_>20min,,
2025-12-18 00:30:07,8.93,8.3,26,time_gap_>20min,,
2025-12-18 00:45:07,8.66,8.28,26,,,
2025-12-18 01:00:07,8.42,8.26,25.9,,,
2025-12-18 01:15:07,7.98,8.25,25.9,,,
2025-12-18 01:30:07,7.84,8.23,25.9,,,
2025-12-18 01:45:07,7.42,8.21,25.9,,,
2025-12-18 02:00:07,7.11,8.21,25.8,,,
2025-12-18 02:15:07,6.94,8.19,25.7,,,
2025-12-18 02:30:07,6.49,8.17,25.7,,,
2025-12-18 02:45:07,6.31,8.15,25.7,,,
2025-12-18 03:00:06,6.16,8.13,25.7,,,
2025-12-18 03:15:06,5.91,8.11,25.6,,,
2025-12-18 03:30:07,5.47,8.07,25.6,,,
2025-12-18 03:45:07,5.4,8.07,25.6,,,
2025-12-18 04:00:07,5.06,8.04,25.6,,,
2025-12-18 04:15:06,4.84,8.03,25.6,,,
2025-12-18 04:30:07,4.64,8.02,25.5,,,
2025-12-18 04:45:07,4.23,7.98,25.6,,,
2025-12-18 05:00:06,4.16,7.98,25.6,,,
2025-12-18 05:15:06,3.88,7.96,25.5,,,
2025-12-18 05:30:07,2.18,7.94,25.5,,,
2025-12-18 05:45:07,2.8,7.92,25.5,,,
2025-12-18 06:00:07,3.47,7.92,25.5,,,
2025-12-18 06:15:07,3.5,7.92,25.5,,,
2025-12-18 06:30:07,3.62,7.94,25.5,,,
2025-12-18 06:45:07,3.55,7.92,25.5,,,
2025-12-18 07:00:07,3.56,7.94,25.5,,,
2025-12-18 07:15:07,3.48,7.92,25.5,,,
2025-12-18 07:30:07,3.37,7.92,25.5,,,
2025-12-18 07:45:07,3.31,7.92,25.4,,,
2025-12-18 08:00:07,3.28,7.9,25.4,,,
2025-12-18 08:15:07,3.55,7.92,25.4,,,
2025-12-18 08:30:07,3.54,7.94,25.4,,,
2025-12-18 08:45:07,3.47,7.94,25.4,,,
2025-12-18 09:00:07,4.9,8.03,25.4,,,
2025-12-18 09:15:07,5.51,8.06,25.5,,,
2025-12-18 09:30:07,5.2,8.08,25.6,,,
2025-12-18 09:45:07,5.82,8.1,25.7,,DO_jump_>2,
2025-12-18 10:00:07,3.75,8.12,25.7,,DO_jump_>2,
2025-12-18 10:15:07,6.52,8.12,25.7,,DO_jump_>2,
2025-12-18 10:30:07,6.57,8.12,25.6,flyover_window,,
2025-12-18 10:45:07,6.78,8.14,25.7,,,
2025-12-18 11:00:07,7.38,8.18,26.1,,,
2025-12-18 11:15:07,7.65,8.2,26.2,,,
2025-12-18 11:30:07,7.81,8.22,26.4,,,
2025-12-18 11:45:07,7.64,8.22,26.4,,,
2025-12-18 12:00:06,8.53,8.28,26.4,,,
2025-12-18 12:15:06,7.29,8.25,26.4,,,
2025-12-18 12:30:06,8.66,8.26,26.4,,,
2025-12-18 12:45:06,9.45,8.3,26.5,,,
2025-12-18 13:00:06,10.35,8.35,26.6,,,
2025-12-18 13:15:06,10.85,8.39,26.8,,,
2025-12-18 13:30:06,11.51,8.41,27.1,,,
2025-12-18 13:45:06,12.53,8.46,27.4,,,
2025-12-18 14:00:06,12.54,8.46,27.3,,,
2025-12-18 14:15:06,12.95,8.46,27.3,,,
2025-12-18 14:30:06,13.15,8.48,27.3,,,
2025-12-18 14:45:06,13.57,8.5,27.3,,,
2025-12-18 15:00:07,13.98,8.5,27.3,,,
2025-12-18 15:15:07,14.32,8.51,27.4,,,
2025-12-18 15:30:07,14.64,8.54,27.4,,,
2025-12-18 15:45:07,15.19,8.55,27.4,,,
2025-12-18 16:00:07,15.4,8.57,27.4,,,
2025-12-18 16:15:07,14.83,8.55,27.3,,,
2025-12-18 16:30:07,14.91,8.55,27.2,,,
2025-12-18 16:45:07,15.26,8.57,27.2,,,
2025-12-18 17:00:07,15.41,8.57,27.2,,,
2025-12-18 17:15:07,15.44,8.57,27.2,,,
2025-12-18 17:30:07,15.15,8.58,27.2,,,
2025-12-18 17:45:07,15.3,8.59,27.1,,,
2025-12-18 18:00:07,15.43,8.58,27.1,,,
2025-12-18 18:15:07,15.15,8.58,27,,,
2025-12-18 18:30:07,14.91,8.58,26.9,,,
2025-12-18 18:45:07,14.64,8.56,26.9,,,
2025-12-18 19:00:07,14.48,8.56,26.8,time_gap_>20min,,
2025-12-18 19:30:07,13.48,8.51,26.6,time_gap_>20min,,
2025-12-18 19:45:07,13.03,8.49,26.6,,,
2025-12-18 20:00:07,12.77,8.49,26.6,,,
2025-12-18 20:15:07,12.74,8.49,26.5,,,
2025-12-18 20:30:07,12.45,8.48,26.5,,,
2025-12-18 20:45:07,12.24,8.46,26.4,,,
2025-12-18 21:00:07,12,8.46,26.4,,,
2025-12-18 21:15:07,11.76,8.44,26.4,,,
2025-12-18 21:30:07,11.45,8.42,26.3,,,
2025-12-18 21:45:07,11.43,8.42,26.2,,,
2025-12-18 22:00:07,11.26,8.42,26.2,,,
2025-12-18 22:15:07,11.11,8.4,26.2,,,
2025-12-18 22:30:07,11.07,8.42,26.2,,,
2025-12-18 22:45:07,10.89,8.4,26.1,,,
2025-12-18 23:00:07,10.82,8.4,26.1,,,
2025-12-18 23:15:07,10.43,8.38,26.1,,,
2025-12-18 23:30:07,10.21,8.38,26,,,
2025-12-18 23:45:07,9.94,8.37,26,,,
2025-12-19 00:00:07,9.85,8.35,26,,,
2025-12-19 00:15:07,9.32,8.32,26,,,
2025-12-19 00:30:07,9.19,8.32,25.9,,,
2025-12-19 00:45:07,8.87,8.29,25.9,,,
2025-12-19 01:00:07,8.7,8.29,25.8,,DO_jump_>2,
2025-12-19 01:15:07,1.79,8.25,25.9,,DO_jump_>2,
2025-12-19 01:30:07,3.01,8.25,25.8,,DO_jump_>2,
2025-12-19 01:45:07,6.95,8.19,25.8,,DO_jump_>2,
2025-12-19 02:00:07,7.02,8.2,25.7,,,
2025-12-19 02:15:07,6.66,8.16,25.7,,,
2025-12-19 02:30:07,5.61,8.1,25.7,,,
2025-12-19 02:45:07,5.27,8.08,25.7,,,
2025-12-19 03:00:07,5.13,8.08,25.7,,,
2025-12-19 03:15:07,5,8.06,25.7,,,
2025-12-19 03:30:07,4.95,8.05,25.6,,,
2025-12-19 03:45:07,4.71,8.05,25.7,,,
2025-12-19 04:00:07,4.72,8.04,25.6,,,
2025-12-19 04:15:07,4.61,8.02,25.6,,,
2025-12-19 04:30:07,4.56,8.02,25.6,,,
2025-12-19 04:45:07,4.3,8.02,25.5,,,
2025-12-19 05:00:07,4.33,8.01,25.5,,,
2025-12-19 05:15:07,4.15,7.99,25.5,,,
2025-12-19 05:30:07,3.85,7.98,25.5,,,
2025-12-19 05:45:07,3.76,7.97,25.5,,,
2025-12-19 06:00:07,3.6,7.95,25.4,,,
2025-12-19 06:15:07,3.55,7.92,25.5,,,
2025-12-19 06:30:07,3.32,7.96,25.4,,,
2025-12-19 06:45:07,3.22,7.94,25.4,,,
2025-12-19 07:00:07,2.89,7.94,25.4,,,
2025-12-19 07:15:07,2.79,7.94,25.4,,,
2025-12-19 07:30:07,3.05,7.92,25.4,,,
2025-12-19 07:45:07,3.13,7.93,25.4,time_gap_>20min,,
2025-12-19 08:15:07,3.26,7.93,25.4,time_gap_>20min,,
2025-12-19 08:30:07,3.15,7.93,25.4,,,
2025-12-19 08:45:07,3.13,7.93,25.4,,,
2025-12-19 09:00:07,3.64,7.96,25.5,,,
2025-12-19 09:15:07,3.98,7.98,25.5,,DO_jump_>2,
2025-12-19 09:30:07,6.5,8.01,25.9,,DO_jump_>2,
2025-12-19 09:45:07,4.1,8.02,25.6,,DO_jump_>2,
2025-12-19 10:00:07,4.75,8.09,25.9,,,
2025-12-19 10:15:07,6.01,8.14,26.2,,,
2025-12-19 10:30:07,7.24,8.19,26.1,flyover_window,,
2025-12-19 10:45:07,6.23,8.19,26.5,,,
2025-12-19 11:00:07,6.09,8.22,26.4,,,
2025-12-19 11:15:07,7.17,8.26,26.6,,,
2025-12-19 11:30:07,6.62,8.29,26.7,,DO_jump_>2,
2025-12-19 11:45:07,9.07,8.38,26.8,,DO_jump_>2,
2025-12-19 12:00:07,10.04,8.36,26.7,,,
2025-12-19 12:15:07,10.86,8.39,26.8,,,
2025-12-19 12:30:07,12.57,8.49,27.1,,,
2025-12-19 12:45:07,13.14,8.49,27.2,,,
2025-12-19 13:00:07,13.57,8.52,27.5,,,
2025-12-19 13:15:07,13.53,8.54,27.5,,DO_jump_>2,
2025-12-19 13:30:07,10.81,8.5,27.4,,DO_jump_>2,
2025-12-19 13:45:07,9.01,8.44,27.2,,,
2025-12-19 14:00:07,9.69,8.45,27,,DO_jump_>2,
2025-12-19 14:15:07,12.53,8.56,27.2,,DO_jump_>2,
2025-12-19 14:30:07,12.61,8.5,27.1,,DO_jump_>2,
2025-12-19 14:45:07,14.97,8.57,27.5,,DO_jump_>2,
2025-12-19 15:00:07,14.44,8.58,27.4,,,
2025-12-19 15:15:07,14.52,8.58,27.4,,,
2025-12-19 15:30:07,15.37,8.6,27.4,,,
2025-12-19 15:45:07,14.86,8.58,27.3,,,
2025-12-19 16:00:07,15.07,8.59,27.2,,,
2025-12-19 16:15:07,14.91,8.57,27.2,,,
2025-12-19 16:30:07,14.53,8.57,27.1,,,
2025-12-19 16:45:07,14.68,8.57,27.1,,,
2025-12-19 17:00:07,14.64,8.59,27.1,,,
2025-12-19 17:15:07,14.5,8.6,27,,,
2025-12-19 17:30:07,15.23,8.6,27,,,
2025-12-19 17:45:07,14.98,8.6,27,,,
2025-12-19 18:00:07,14.86,8.59,26.9,,,
2025-12-19 18:15:07,14.91,8.59,26.9,,,
2025-12-19 18:30:07,14.33,8.57,26.8,,,
2025-12-19 18:45:07,13.84,8.55,26.7,,,
2025-12-19 19:00:07,13.15,8.53,26.7,,,
2025-12-19 19:15:07,13.16,8.53,26.7,,,
2025-12-19 19:30:07,12.82,8.52,26.6,,,
2025-12-19 19:45:07,12.75,8.52,26.6,,,
2025-12-19 20:00:07,12.49,8.51,26.5,time_gap_>20min,,
2025-12-19 20:30:07,12.12,8.5,26.5,time_gap_>20min,,
2025-12-19 20:45:07,11.58,8.46,26.4,,,
2025-12-19 21:00:07,11.33,8.45,26.4,,,
2025-12-19 21:15:07,11.32,8.45,26.4,,,
2025-12-19 21:30:07,11.09,8.44,26.3,,,
2025-12-19 21:45:07,10.88,8.42,26.3,,,
2025-12-19 22:00:07,10.27,8.4,26.2,,,
2025-12-19 22:15:07,10.35,8.41,26.2,,,
2025-12-19 22:30:07,9.56,8.36,26.2,,,
2025-12-19 22:45:07,9.61,8.38,26.1,,,
2025-12-19 23:00:07,9.26,8.36,26.1,,,
2025-12-19 23:15:07,9.24,8.36,26.1,,,
2025-12-19 23:30:07,9.36,8.36,26,,,
2025-12-19 23:45:07,9.06,8.36,26,,,
2025-12-20 00:00:07,8.77,8.34,26,,,
2025-12-20 00:15:08,8.6,8.32,25.9,,,
2025-12-20 00:30:07,8.3,8.31,25.9,,,
2025-12-20 00:45:07,8.33,8.3,25.8,,,
2025-12-20 01:00:07,7.47,8.26,25.9,,,
2025-12-20 01:15:07,7.35,8.25,25.8,,,
2025-12-20 01:30:07,6.85,8.23,25.7,,,
2025-12-20 01:45:07,6.55,8.18,25.7,,,
2025-12-20 02:00:07,5.96,8.16,25.7,,,
2025-12-20 02:15:07,5.14,8.11,25.7,,,
2025-12-20 02:30:07,5.08,8.12,25.7,,,
2025-12-20 02:45:07,4.84,8.08,25.7,,,
2025-12-20 03:00:07,4.56,8.06,25.6,,,
2025-12-20 03:15:08,4.43,8.06,25.6,,,
2025-12-20 03:30:08,4.6,8.08,25.6,,,
2025-12-20 03:45:08,4.42,8.06,25.6,,,
2025-12-20 04:00:07,4.3,8.06,25.6,,,
2025-12-20 04:15:08,4.18,8.04,25.6,,,
2025-12-20 04:30:08,4.18,8.04,25.5,,,
2025-12-20 04:45:08,4.24,8.05,25.5,,,
2025-12-20 05:00:08,4.03,8.05,25.5,,,
2025-12-20 05:15:08,2.89,8.05,25.4,,,
2025-12-20 05:30:07,3.28,8.03,25.4,,,
2025-12-20 05:45:08,3.54,8.03,25.4,,DO_jump_>2,
2025-12-20 06:00:07,1.47,8.02,25.4,,DO_jump_>2,
2025-12-20 06:15:07,1.9,8.02,25.4,,,
2025-12-20 06:30:08,2.17,8,25.3,,,
2025-12-20 06:45:08,2.46,8,25.4,,,
2025-12-20 07:00:08,3.45,8,25.4,,DO_jump_>2,
2025-12-20 07:15:08,1.28,8,25.4,,DO_jump_>2,
2025-12-20 07:30:08,3.34,7.99,25.3,,DO_jump_>2,
2025-12-20 07:45:08,3.38,7.99,25.3,,,
2025-12-20 08:00:08,3.47,8,25.3,,,
2025-12-20 08:15:08,3.4,8,25.3,,DO_jump_>2,
2025-12-20 08:30:08,0.89,8,25.4,,DO_jump_>2,
2025-12-20 08:45:07,1.47,8.03,25.4,,,
2025-12-20 09:00:08,1.36,8.04,25.4,,DO_jump_>2,
2025-12-20 09:15:08,4.52,8.08,25.4,,DO_jump_>2,
2025-12-20 09:30:08,3.13,8.1,25.5,,,
2025-12-20 09:45:08,5.11,8.15,25.6,,,
2025-12-20 10:00:08,6.03,8.16,25.6,,,
2025-12-20 10:15:08,6.47,8.18,25.7,,,
2025-12-20 10:30:08,6.97,8.2,25.8,flyover_window,,
2025-12-20 10:45:08,7.32,8.22,25.9,,,
2025-12-20 11:00:08,7.73,8.25,26,,,
2025-12-20 11:15:08,8.31,8.27,26.1,,,
2025-12-20 11:30:08,8.71,8.31,26.2,,,
2025-12-20 11:45:08,9.63,8.35,26.4,,,
2025-12-20 12:00:08,9.97,8.36,26.4,,,
2025-12-20 12:15:08,9.79,8.36,26.5,,,
2025-12-20 12:30:08,9.23,8.34,26.5,,,
2025-12-20 12:45:08,9.63,8.35,26.7,,DO_jump_>2,
2025-12-20 13:00:08,12.37,8.49,27,,DO_jump_>2,
2025-12-20 13:15:08,11.35,8.43,26.9,,,
2025-12-20 13:30:08,10.42,8.4,26.8,,DO_jump_>2,
2025-12-20 13:45:08,12.56,8.52,27.1,,DO_jump_>2,
2025-12-20 14:00:08,12.67,8.51,27,,,
2025-12-20 14:15:08,13.08,8.53,27,,,
2025-12-20 14:30:08,13.29,8.53,27.1,,,
2025-12-20 14:45:08,13.8,8.57,27.2,,,
2025-12-20 15:00:08,14.07,8.59,27.3,,,
2025-12-20 15:15:08,14.75,8.59,27.2,,,
2025-12-20 15:30:08,15.05,8.61,27.2,,,
2025-12-20 15:45:08,15.28,8.61,27.1,,,
2025-12-20 16:00:08,14.65,8.57,27.2,,,
2025-12-20 16:15:08,14.41,8.6,27.2,,,
2025-12-20 16:30:08,14.4,8.6,27.1,,,
2025-12-20 16:45:08,14.69,8.59,27,,,
2025-12-20 17:00:08,13.97,8.56,27,,,
2025-12-20 17:15:08,13.62,8.57,27,,,
2025-12-20 17:30:08,13.35,8.55,26.9,,,
2025-12-20 17:45:08,13.11,8.54,26.8,,,
2025-12-20 18:00:08,12.68,8.53,26.7,,,
2025-12-20 18:15:08,12.36,8.52,26.7,,,
2025-12-20 18:30:08,12.17,8.5,26.6,,,
2025-12-20 18:45:08,11.98,8.5,26.5,,,
2025-12-20 19:00:08,11.62,8.5,26.5,,,
2025-12-20 19:15:08,11.32,8.49,26.4,,,
2025-12-20 19:30:08,11.24,8.47,26.4,,,
2025-12-20 19:45:08,11.15,8.47,26.3,,,
2025-12-20 20:00:08,10.52,8.44,26.3,,,
2025-12-20 20:15:08,10.41,8.43,26.2,,,
2025-12-20 20:30:08,10.49,8.43,26.2,,,
2025-12-20 20:45:08,10.09,8.43,26.1,,,
2025-12-20 21:00:08,9.69,8.41,26.1,,,
2025-12-20 21:15:08,9.05,8.38,26.1,,,
2025-12-20 21:30:08,8.5,8.36,26,,,
2025-12-20 21:45:08,8.44,8.34,26,,,
2025-12-20 22:00:08,8.53,8.35,25.9,,,
2025-12-20 22:15:08,8.4,8.35,25.9,,,
2025-12-20 22:30:08,8,8.31,25.9,,,
2025-12-20 22:45:08,7.46,8.27,25.8,,,
2025-12-20 23:00:08,7,8.25,25.8,,,
2025-12-20 23:15:08,6.32,8.21,25.7,,,
2025-12-20 23:30:08,6.17,8.2,25.7,,,
2025-12-20 23:45:08,5.58,8.17,25.7,,,
2025-12-21 00:00:08,5.63,8.18,25.7,,,
2025-12-21 00:15:08,5.43,8.15,25.6,,,
2025-12-21 00:30:08,5.01,8.13,25.7,,,
2025-12-21 00:45:08,5.35,8.15,25.6,,,
2025-12-21 01:00:08,5.32,8.15,25.6,,,
2025-12-21 01:15:08,4.91,8.12,25.6,,,
2025-12-21 01:30:08,5.18,8.14,25.6,,DO_jump_>2,
2025-12-21 01:45:08,2.96,8.13,25.6,,DO_jump_>2,
2025-12-21 02:00:08,3.72,8.13,25.5,,,
2025-12-21 02:15:08,4.03,8.13,25.5,,,
2025-12-21 02:30:08,4.24,8.13,25.5,,,
2025-12-21 02:45:08,4.57,8.11,25.5,,,
2025-12-21 03:00:08,4.62,8.11,25.5,,,
2025-12-21 03:15:08,4.62,8.11,25.5,,,
2025-12-21 03:30:08,4.7,8.1,25.5,,,
2025-12-21 03:45:08,2.8,8.1,25.4,,,
2025-12-21 04:00:08,3.43,8.1,25.4,,,
2025-12-21 04:15:08,4.07,8.12,25.4,,,
2025-12-21 04:30:08,4.57,8.12,25.4,,,
2025-12-21 04:45:08,4.61,8.12,25.4,,,
2025-12-21 05:00:08,4.93,8.12,25.4,,,
2025-12-21 05:15:08,4.47,8.09,25.3,,DO_jump_>2,
2025-12-21 05:30:08,1.66,8.09,25.3,,DO_jump_>2,
2025-12-21 05:45:08,1.74,8.1,25.2,,,
2025-12-21 06:00:08,2.17,8.08,25.3,,,
2025-12-21 06:15:08,2.38,8.08,25.2,,,
2025-12-21 06:30:08,2.93,8.09,25.2,,,
2025-12-21 06:45:08,4.5,8.09,25.2,,,
2025-12-21 07:00:08,4.16,8.09,25.2,,,
2025-12-21 07:15:08,4.24,8.09,25.2,,,
2025-12-21 07:30:08,4.02,8.07,25.2,,,
2025-12-21 07:45:08,3.96,8.05,25.2,,,
2025-12-21 08:00:08,3.9,8.05,25.2,,,
2025-12-21 08:15:08,3.67,8.03,25.2,,,
2025-12-21 08:30:08,3.66,8.01,25.2,,,
2025-12-21 08:45:08,3.85,8.02,25.2,,,
2025-12-21 09:00:08,3.91,8.02,25.2,,,
2025-12-21 09:15:08,4.29,8.06,25.2,,,
2025-12-21 09:30:08,4.89,8.08,25.3,,,
2025-12-21 09:45:08,5.14,8.1,25.3,,,
2025-12-21 10:00:08,5.3,8.12,25.3,,,
2025-12-21 10:15:08,5.83,8.15,25.4,,,
2025-12-21 10:30:08,6.27,8.17,25.5,flyover_window,,
2025-12-21 10:45:08,6.44,8.18,25.5,,,
2025-12-21 11:00:08,6.48,8.19,25.6,,,
2025-12-21 11:15:08,6.91,8.23,25.7,,,
2025-12-21 11:30:08,8.03,8.28,26,,,
2025-12-21 11:45:08,8.75,8.35,26.2,,,
2025-12-21 12:00:08,10.65,8.42,26.4,,,
2025-12-21 12:15:08,11.39,8.44,26.6,,,
2025-12-21 12:30:08,11.09,8.43,26.6,,,
2025-12-21 12:45:08,10.29,8.39,26.5,,,
2025-12-21 13:00:08,10,8.39,26.4,,,
2025-12-21 13:15:08,9.98,8.37,26.4,,,
2025-12-21 13:30:08,11.16,8.44,26.5,,,
2025-12-21 13:45:08,12.12,8.47,26.7,,,
2025-12-21 14:00:08,11.83,8.47,26.7,,,
2025-12-21 14:15:08,11.52,8.45,26.6,,DO_jump_>2,
2025-12-21 14:30:08,13.67,8.55,26.9,,DO_jump_>2,
2025-12-21 14:45:08,13.48,8.54,26.9,,,
2025-12-21 15:00:08,13.86,8.57,27,,,
2025-12-21 15:15:08,14.1,8.57,27,,,
2025-12-21 15:30:08,14.53,8.6,27,,,
2025-12-21 15:45:08,15.15,8.61,27.1,,,
2025-12-21 16:00:08,14.39,8.62,27.2,,,
2025-12-21 16:15:08,13.72,8.6,27.1,,,
2025-12-21 16:30:08,13.97,8.57,26.9,,,
2025-12-21 16:45:08,13.95,8.59,26.9,,,
2025-12-21 17:00:08,14.6,8.59,26.8,,,
2025-12-21 17:15:08,14.19,8.57,26.7,,,
2025-12-21 17:30:08,13.69,8.57,26.7,,,
2025-12-21 17:45:08,13.26,8.55,26.6,,,
2025-12-21 18:00:08,13.19,8.56,26.6,,,
2025-12-21 18:15:08,12.99,8.56,26.5,,,
2025-12-21 18:30:08,12.63,8.53,26.5,,,
2025-12-21 18:45:08,12.62,8.55,26.4,,,
2025-12-21 19:00:08,12.24,8.54,26.4,,,
2025-12-21 19:15:08,12.22,8.54,26.3,,,
2025-12-21 19:30:08,12.2,8.52,26.3,,,
2025-12-21 19:45:08,11.46,8.52,26.3,,,
2025-12-21 20:00:08,11.49,8.5,26.2,,,
2025-12-21 20:15:08,11.01,8.48,26.1,,,
2025-12-21 20:30:08,10.32,8.44,26.1,,,
2025-12-21 20:45:08,10.2,8.44,26.1,,,
2025-12-21 21:00:08,9.78,8.43,26,,,
2025-12-21 21:15:08,9.6,8.41,26,,,
2025-12-21 21:30:08,9.67,8.41,25.9,,,
2025-12-21 21:45:08,9.31,8.4,25.9,,,
2025-12-21 22:00:08,9.03,8.39,25.9,,,
2025-12-21 22:15:08,8.5,8.37,25.9,,,
2025-12-21 22:30:08,8.49,8.36,25.8,,,
2025-12-21 22:45:08,8.05,8.34,25.8,,,
2025-12-21 23:00:08,7.83,8.33,25.8,,,
2025-12-21 23:15:08,7.61,8.31,25.7,,,
2025-12-21 23:30:08,7.31,8.29,25.7,,,
2025-12-21 23:45:08,7.08,8.27,25.7,,,
2025-12-22 00:00:08,6.94,8.27,25.7,,,
2025-12-22 00:15:08,6.57,8.24,25.6,,,
2025-12-22 00:30:08,6.19,8.23,25.6,,,
2025-12-22 00:45:08,5.73,8.2,25.6,,,
2025-12-22 01:00:08,5.29,8.15,25.6,time_gap_>20min,,
2025-12-22 08:15:08,3.56,8.06,25.2,time_gap_>20min,,
2025-12-22 08:30:08,3.76,8.06,25.2,,,
2025-12-22 08:45:08,3.47,8.06,25.2,,,
2025-12-22 09:00:08,4,8.06,25.2,,,
2025-12-22 09:15:08,4.28,8.08,25.3,,,
2025-12-22 09:30:08,4.65,8.1,25.3,,DO_jump_>2,
2025-12-22 09:45:08,2.17,8.12,25.4,,DO_jump_>2,
2025-12-22 10:00:08,3.61,8.13,25.4,,,
2025-12-22 10:15:08,5.03,8.15,25.5,,,
2025-12-22 10:30:08,5.97,8.19,25.6,flyover_window,,
2025-12-22 10:45:08,6.44,8.2,25.6,time_gap_>20min,,
2025-12-22 11:45:08,6.64,8.2,25.7,time_gap_>20min,,
2025-12-22 12:00:08,6.94,8.22,25.8,,,
2025-12-22 12:15:08,7.42,8.24,25.9,,DO_jump_>2,
2025-12-22 12:30:08,10.16,8.43,26.5,,DO_jump_>2,
2025-12-22 12:45:08,11.83,8.49,26.7,,,
2025-12-22 13:00:08,12.08,8.48,26.6,,,
2025-12-22 13:15:08,10.89,8.47,26.6,,,
2025-12-22 13:30:08,12.21,8.51,26.8,,,
2025-12-22 13:45:08,13.4,8.55,26.9,,,
2025-12-22 14:00:08,12.43,8.53,26.9,,,
2025-12-22 14:15:08,12.87,8.53,26.8,,,
2025-12-22 14:30:08,12.37,8.51,26.7,,,
2025-12-22 14:45:08,12.47,8.51,26.6,,,
2025-12-22 15:00:08,12.5,8.52,26.6,,,
2025-12-22 15:15:08,13.2,8.54,26.7,time_gap_>20min,,
2025-12-22 15:45:08,13.36,8.54,26.7,time_gap_>20min,,
2025-12-22 16:15:08,15.15,8.61,26.9,time_gap_>20min,,
2025-12-22 16:30:08,14.21,8.59,26.7,,,
2025-12-22 16:45:08,14.01,8.59,26.7,,,
2025-12-22 17:00:08,14.16,8.59,26.6,time_gap_>20min,,
2025-12-22 17:30:08,13.46,8.57,26.5,time_gap_>20min,,
2025-12-22 17:45:08,12.84,8.55,26.4,,,
2025-12-22 18:00:08,12.55,8.54,26.4,,,
2025-12-22 18:15:08,12.48,8.54,26.4,,,
2025-12-22 18:30:08,12.72,8.56,26.3,,,
2025-12-22 18:45:08,13.12,8.56,26.2,,,
2025-12-22 19:00:08,12.8,8.55,26.2,,,
2025-12-22 19:15:08,12.78,8.55,26.2,,,
2025-12-22 19:30:08,12.66,8.57,26.2,,,
2025-12-22 19:45:08,12.42,8.55,26.2,,,
2025-12-22 20:00:08,12.22,8.55,26.2,,,
2025-12-22 20:15:08,12.09,8.53,26.1,,,
2025-12-22 20:30:08,11.57,8.51,26.1,,,
2025-12-22 20:45:08,11.82,8.52,26.1,,,
2025-12-22 21:00:08,11.63,8.5,26,,,
2025-12-22 21:15:08,11.21,8.5,26,,,
2025-12-22 21:30:08,11.04,8.48,26,,,
2025-12-22 21:45:09,10.67,8.47,25.9,,,
2025-12-22 22:00:09,10.47,8.46,25.9,,,
2025-12-22 22:15:09,10.27,8.44,25.9,,,
2025-12-22 22:30:09,9.54,8.4,25.9,,,
2025-12-22 22:45:09,9.27,8.39,25.8,,,
2025-12-22 23:00:09,9.43,8.41,25.7,,,
2025-12-22 23:15:09,9.03,8.39,25.7,,,
2025-12-22 23:30:09,8.36,8.36,25.7,,,
2025-12-22 23:45:09,8.56,8.37,25.7,,,
2025-12-23 00:00:09,8.26,8.35,25.7,,,
2025-12-23 00:15:09,8.19,8.35,25.6,,,
2025-12-23 00:30:09,7.88,8.33,25.6,,,
2025-12-23 00:45:09,7.49,8.31,25.6,,,
2025-12-23 01:00:09,7.49,8.31,25.6,,,
2025-12-23 01:15:09,7.14,8.29,25.6,,,
2025-12-23 01:30:09,7.23,8.29,25.5,,,
2025-12-23 01:45:09,7.05,8.27,25.5,,,
2025-12-23 02:00:09,6.36,8.27,25.5,,,
2025-12-23 02:15:09,6.71,8.27,25.5,,,
2025-12-23 02:30:09,6.47,8.25,25.4,,,
2025-12-23 02:45:09,6.43,8.25,25.4,,DO_jump_>2,
2025-12-23 03:00:09,2.75,8.25,25.4,,DO_jump_>2,
2025-12-23 03:15:09,3.76,8.23,25.4,,,
2025-12-23 03:30:09,4.3,8.23,25.4,,,
2025-12-23 03:45:09,4.84,8.23,25.4,,,
2025-12-23 04:00:09,5.04,8.22,25.3,,,
2025-12-23 04:15:09,5.14,8.2,25.3,,,
2025-12-23 04:30:09,5.11,8.18,25.3,,,
2025-12-23 04:45:09,5.24,8.16,25.3,,,
2025-12-23 05:00:09,5.13,8.16,25.3,,,
2025-12-23 05:15:09,5.17,8.14,25.2,,,
2025-12-23 05:30:09,5.04,8.14,25.3,,,
2025-12-23 05:45:09,5.14,8.14,25.2,,,
2025-12-23 06:00:09,5.14,8.14,25.2,,,
2025-12-23 06:15:09,4.95,8.14,25.2,,,
2025-12-23 06:30:09,4.71,8.12,25.2,,,
2025-12-23 06:45:09,4.22,8.13,25.2,,,
2025-12-23 07:00:09,4.83,8.13,25.2,,,
2025-12-23 07:15:09,4.57,8.13,25.2,,,
2025-12-23 07:30:09,4.54,8.11,25.2,,,
2025-12-23 07:45:09,4.81,8.13,25.1,,,
2025-12-23 08:00:09,4.62,8.13,25.2,,,
2025-12-23 08:15:09,4.94,8.15,25.1,,,
2025-12-23 08:30:09,5.43,8.15,25.2,,,
2025-12-23 08:45:09,5.38,8.15,25.2,,,
2025-12-23 09:00:09,5.36,8.16,25.2,,,
2025-12-23 09:15:09,5.88,8.17,25.3,,,
2025-12-23 09:30:09,5.82,8.18,25.3,,,
2025-12-23 09:45:09,5.95,8.18,25.3,,,
2025-12-23 10:00:09,6.34,8.21,25.4,,,
2025-12-23 10:15:09,6.65,8.23,25.4,,,
2025-12-23 10:30:09,6.97,8.23,25.5,flyover_window,,
2025-12-23 10:45:09,7.25,8.25,25.6,,,
2025-12-23 11:00:09,5.3,8.27,25.7,,,
2025-12-23 11:15:09,7.19,8.29,25.8,,,
2025-12-23 11:30:09,7.95,8.31,26,,,
2025-12-23 11:45:09,8.6,8.36,26.1,,,
2025-12-23 12:00:09,9.6,8.4,26.3,,,
2025-12-23 12:15:09,10.25,8.42,26.4,,,
2025-12-23 12:30:09,11.3,8.48,26.5,,,
2025-12-23 12:45:08,12.5,8.52,26.6,,,
2025-12-23 13:00:08,13.03,8.52,26.8,,,
2025-12-23 13:15:08,12.8,8.52,26.9,,,
2025-12-23 13:30:08,13.03,8.54,26.9,,,
2025-12-23 13:45:08,13.99,8.57,27.1,,,
2025-12-23 14:00:08,14.4,8.61,27.3,,,
2025-12-23 14:15:08,14.76,8.61,27.2,,,
2025-12-23 14:30:08,15.35,8.63,27.4,,,
2025-12-23 14:45:08,14.83,8.63,27.4,,,
2025-12-23 15:00:08,15.36,8.63,27.3,,,
2025-12-23 15:15:08,15.59,8.65,27.3,,,
2025-12-23 15:30:08,15.39,8.65,27.3,,,
2025-12-23 15:45:09,15.59,8.65,27.2,,,
2025-12-23 16:00:09,15.52,8.65,27.2,,,
2025-12-23 16:15:09,15.5,8.65,27.2,,,
2025-12-23 16:30:09,15.45,8.65,27.1,,,
2025-12-23 16:45:09,15.04,8.62,27,,,
2025-12-23 17:00:09,14.8,8.64,26.9,,,
2025-12-23 17:15:09,14.87,8.62,26.8,,,
2025-12-23 17:30:09,14.97,8.63,26.8,,,
2025-12-23 17:45:09,14.39,8.62,26.8,,,
2025-12-23 18:00:09,14.36,8.6,26.7,,,
2025-12-23 18:15:09,14.03,8.6,26.7,,,
2025-12-23 18:30:09,13.63,8.6,26.6,,,
2025-12-23 18:45:09,13.04,8.58,26.5,,,
2025-12-23 19:00:09,13.16,8.58,26.5,,,
2025-12-23 19:15:09,13.09,8.58,26.4,,,
2025-12-23 19:30:09,12.96,8.58,26.4,,,
2025-12-23 19:45:09,12.87,8.57,26.4,,,
2025-12-23 20:00:09,12.71,8.57,26.3,,,
2025-12-23 20:15:09,12.27,8.54,26.3,,,
2025-12-23 20:30:09,12.21,8.54,26.2,,,
2025-12-23 20:45:09,11.81,8.52,26.2,,,
2025-12-23 21:00:09,11.63,8.52,26.1,,,
2025-12-23 21:15:09,11.39,8.52,26.1,,,
2025-12-23 21:30:09,10.91,8.48,26,,,
2025-12-23 21:45:09,11.06,8.48,26,,,
2025-12-23 22:00:09,10.77,8.48,26,,,
2025-12-23 22:15:09,10.45,8.46,25.9,,,
2025-12-23 22:30:09,10.16,8.45,25.9,,,
2025-12-23 22:45:09,9.58,8.41,25.9,,,
2025-12-23 23:00:09,9.13,8.41,25.8,,,
2025-12-23 23:15:09,8.7,8.39,25.8,,,
2025-12-23 23:30:09,8.57,8.38,25.8,,,
2025-12-23 23:45:09,8.22,8.36,25.7,,,
2025-12-24 00:00:09,7.77,8.34,25.7,,,
2025-12-24 00:15:09,7.62,8.33,25.7,,,
2025-12-24 00:30:09,7.29,8.32,25.7,,,
2025-12-24 00:45:09,6.85,8.28,25.7,,,
2025-12-24 01:00:09,6.52,8.27,25.6,,,
2025-12-24 01:15:09,6.11,8.23,25.6,,,
2025-12-24 01:30:09,5.87,8.24,25.6,,,
2025-12-24 01:45:09,5.59,8.21,25.6,,,
2025-12-24 02:00:09,5.52,8.21,25.5,,,
2025-12-24 02:15:09,5.31,8.18,25.5,,,
2025-12-24 02:30:09,5.07,8.17,25.5,,,
2025-12-24 02:45:09,5.2,8.17,25.5,,,
2025-12-24 03:00:09,5.03,8.17,25.5,,,
2025-12-24 03:15:09,5,8.17,25.4,,,
2025-12-24 03:30:09,4.9,8.17,25.4,,,
2025-12-24 03:45:09,4.68,8.15,25.4,,,
2025-12-24 04:00:09,4.65,8.15,25.4,,,
2025-12-24 04:15:09,4.58,8.14,25.4,,,
2025-12-24 04:30:09,4.29,8.14,25.4,,,
2025-12-24 04:45:09,4.61,8.16,25.3,,,
2025-12-24 05:00:09,4.35,8.14,25.4,,,
2025-12-24 05:15:09,4.24,8.12,25.3,,,
2025-12-24 05:30:09,3.24,8.12,25.3,,,
2025-12-24 05:45:09,3.87,8.12,25.3,,,
2025-12-24 06:00:09,4.25,8.11,25.3,,,
2025-12-24 06:15:09,4.21,8.11,25.2,,,
2025-12-24 06:30:09,4,8.11,25.2,,,
2025-12-24 06:45:09,4.02,8.09,25.2,,,
2025-12-24 07:00:09,3.77,8.1,25.2,,,
2025-12-24 07:15:09,2.85,8.1,25.2,,,
2025-12-24 07:30:09,3.22,8.08,25.2,,,
2025-12-24 07:45:09,3.74,8.09,25.2,,,
2025-12-24 08:00:09,3.82,8.09,25.2,,,
2025-12-24 08:15:09,2,8.09,25.2,,,
2025-12-24 08:30:09,2.83,8.11,25.2,,,
2025-12-24 08:45:09,4.09,8.11,25.2,,,
2025-12-24 09:00:09,4.36,8.11,25.2,,,
2025-12-24 09:15:09,4.46,8.11,25.2,,,
2025-12-24 09:30:09,4.31,8.17,25.3,,,
2025-12-24 09:45:09,5.21,8.19,25.4,,,
2025-12-24 10:00:09,6.08,8.23,25.4,,,
2025-12-24 10:15:09,6.75,8.24,25.5,,,
2025-12-24 10:30:09,6.78,8.23,25.5,flyover_window; time_gap_>20min,,
2025-12-24 11:00:09,7.18,8.25,25.6,time_gap_>20min,,
2025-12-24 11:15:09,7.23,8.25,25.7,,,
2025-12-24 11:30:09,7.37,8.26,25.8,,,
2025-12-24 11:45:09,7.04,8.28,25.9,,,
2025-12-24 12:00:09,8.11,8.31,25.9,,,
2025-12-24 12:15:09,8.35,8.32,26,,,
2025-12-24 12:30:09,7.79,8.34,26.1,,,
2025-12-24 12:45:09,8.99,8.38,26.3,,,pH_jump_>1
2025-12-24 13:00:09,8.34,7.34,24.1,,,pH_jump_>1
2025-12-24 13:15:09,8.99,7.72,23.4,,,
2025-12-24 13:30:09,8.8,7.9,24.5,,,
2025-12-24 13:45:09,8.77,7.85,25.1,,,
2025-12-24 14:00:09,8.77,7.73,25.1,,,
2025-12-24 14:15:09,8.61,7.7,25.8,,,
2025-12-24 14:30:09,8.59,7.65,25.8,,,
2025-12-24 14:45:09,8.54,7.59,26,,,
2025-12-24 15:00:09,8.5,7.51,25.9,,,
2025-12-24 15:15:09,8.51,7.46,26,,,
2025-12-24 15:30:09,8.42,7.42,26.3,,,
2025-12-24 15:45:09,8.4,7.35,26.2,,,
2025-12-24 16:00:09,8.37,7.27,26.1,,,
